

[2026-02-15T15:33:46.511Z] Order 919322: Checking token for vendor 697482171fb0c0d7c5f88bd4: FOUND

[2026-02-15T15:33:46.513Z] Attempting FCM to: f4b0fI2ETd... Type: new_order
[2026-02-15T15:33:46.870Z] FCM Error: Credential implementation provided to initializeApp() via the "credential" property failed to fetch a valid Google OAuth2 access token with the following error: "Error fetching access token: invalid_grant (Invalid JWT Signature.)". There are two likely causes: (1) your server time is not properly synced or (2) your certificate key file has been revoked. To solve (1), re-sync the time on your server. To solve (2), make sure the key ID for your key file is still present at https://console.firebase.google.com/iam-admin/serviceaccounts/project. If not, generate a new key file at https://console.firebase.google.com/project/_/settings/serviceaccounts/adminsdk.

[2026-02-15T15:33:58.977Z] Order 423194: Checking token for vendor 697482171fb0c0d7c5f88bd4: FOUND

[2026-02-15T15:33:58.978Z] Attempting FCM to: f4b0fI2ETd... Type: new_order
[2026-02-15T15:33:59.210Z] FCM Error: Credential implementation provided to initializeApp() via the "credential" property failed to fetch a valid Google OAuth2 access token with the following error: "Error fetching access token: invalid_grant (Invalid JWT Signature.)". There are two likely causes: (1) your server time is not properly synced or (2) your certificate key file has been revoked. To solve (1), re-sync the time on your server. To solve (2), make sure the key ID for your key file is still present at https://console.firebase.google.com/iam-admin/serviceaccounts/project. If not, generate a new key file at https://console.firebase.google.com/project/_/settings/serviceaccounts/adminsdk.

[2026-02-15T15:35:45.359Z] Initializing Firebase Admin via path: C:\Users\raja\Desktop\sevabazar\sevaBazar_Backend\firebaseConfig.json
[2026-02-15T15:35:45.452Z] Firebase Admin Initialized Successfully.

[2026-02-15T15:36:20.675Z] Initializing Firebase Admin via path: C:\Users\raja\Desktop\sevabazar\sevaBazar_Backend\firebaseConfig.json
[2026-02-15T15:36:20.721Z] Firebase Admin Initialized Successfully.

[2026-02-15T15:36:47.822Z] Initializing Firebase Admin via path: C:\Users\raja\Desktop\sevabazar\sevaBazar_Backend\firebaseConfig.json
[2026-02-15T15:36:47.872Z] Firebase Admin Initialized Successfully.

[2026-02-15T16:10:17.144Z] Order 535061: Checking token for vendor 697482171fb0c0d7c5f88bd4: FOUND

[2026-02-15T16:10:17.146Z] Attempting FCM to: f4b0fI2ETd... Type: new_order
[2026-02-15T16:10:17.395Z] FCM Error: Credential implementation provided to initializeApp() via the "credential" property failed to fetch a valid Google OAuth2 access token with the following error: "Error fetching access token: invalid_grant (Invalid JWT Signature.)". There are two likely causes: (1) your server time is not properly synced or (2) your certificate key file has been revoked. To solve (1), re-sync the time on your server. To solve (2), make sure the key ID for your key file is still present at https://console.firebase.google.com/iam-admin/serviceaccounts/project. If not, generate a new key file at https://console.firebase.google.com/project/_/settings/serviceaccounts/adminsdk.

[2026-02-15T16:10:33.276Z] Order 534439: Checking token for vendor 697482171fb0c0d7c5f88bd4: FOUND

[2026-02-15T16:10:33.277Z] Attempting FCM to: f4b0fI2ETd... Type: new_order
[2026-02-15T16:10:33.673Z] FCM Error: Credential implementation provided to initializeApp() via the "credential" property failed to fetch a valid Google OAuth2 access token with the following error: "Error fetching access token: invalid_grant (Invalid JWT Signature.)". There are two likely causes: (1) your server time is not properly synced or (2) your certificate key file has been revoked. To solve (1), re-sync the time on your server. To solve (2), make sure the key ID for your key file is still present at https://console.firebase.google.com/iam-admin/serviceaccounts/project. If not, generate a new key file at https://console.firebase.google.com/project/_/settings/serviceaccounts/adminsdk.

[2026-02-15T16:13:59.069Z] Initializing Firebase Admin via path: C:\Users\raja\Desktop\sevabazar\sevaBazar_Backend\firebaseConfig.json
[2026-02-15T16:13:59.159Z] Firebase Admin Initialized Successfully.

[2026-02-16T04:49:31.309Z] Initializing Firebase Admin via path: C:\Users\raja\Desktop\sevabazar\sevaBazar_Backend\firebaseConfig.json
[2026-02-16T04:49:31.415Z] Firebase Admin Initialized Successfully.

[2026-02-16T05:57:52.447Z] Initializing Firebase Admin via path: C:\Users\raja\Desktop\sevabazar\sevaBazar_Backend\firebaseConfig.json
[2026-02-16T05:57:52.524Z] Firebase Admin Initialized Successfully.

[2026-02-16T05:59:13.115Z] Order 553329: Checking token for vendor 697482171fb0c0d7c5f88bd4: FOUND

[2026-02-16T05:59:13.118Z] Attempting FCM to: f4b0fI2ETd... Type: new_order
[2026-02-16T05:59:13.357Z] FCM Error: Credential implementation provided to initializeApp() via the "credential" property failed to fetch a valid Google OAuth2 access token with the following error: "Error fetching access token: invalid_grant (Invalid JWT Signature.)". There are two likely causes: (1) your server time is not properly synced or (2) your certificate key file has been revoked. To solve (1), re-sync the time on your server. To solve (2), make sure the key ID for your key file is still present at https://console.firebase.google.com/iam-admin/serviceaccounts/project. If not, generate a new key file at https://console.firebase.google.com/project/_/settings/serviceaccounts/adminsdk.

[2026-02-16T06:01:41.194Z] Initializing Firebase Admin via path: C:\Users\raja\Desktop\sevabazar\sevaBazar_Backend\firebaseConfig.json
[2026-02-16T06:01:41.275Z] Firebase Admin Initialized Successfully.

[2026-02-16T06:03:05.425Z] Order 334533: Checking token for vendor 697482171fb0c0d7c5f88bd4: FOUND

[2026-02-16T06:03:05.427Z] Attempting FCM to: f4b0fI2ETd... Type: new_order
[2026-02-16T06:03:05.659Z] FCM Error: Credential implementation provided to initializeApp() via the "credential" property failed to fetch a valid Google OAuth2 access token with the following error: "Error fetching access token: invalid_grant (Invalid JWT Signature.)". There are two likely causes: (1) your server time is not properly synced or (2) your certificate key file has been revoked. To solve (1), re-sync the time on your server. To solve (2), make sure the key ID for your key file is still present at https://console.firebase.google.com/iam-admin/serviceaccounts/project. If not, generate a new key file at https://console.firebase.google.com/project/_/settings/serviceaccounts/adminsdk.

[2026-02-16T06:05:28.454Z] Initializing Firebase Admin via path: C:\Users\raja\Desktop\sevabazar\sevaBazar_Backend\firebaseConfig.json
[2026-02-16T06:05:28.506Z] Firebase Admin Initialized Successfully.

[2026-02-16T06:06:22.083Z] Order 471173: Checking token for vendor 697482171fb0c0d7c5f88bd4: FOUND

[2026-02-16T06:06:22.084Z] Attempting FCM to: f4b0fI2ETd... Type: new_order
[2026-02-16T06:06:22.414Z] FCM Error: Credential implementation provided to initializeApp() via the "credential" property failed to fetch a valid Google OAuth2 access token with the following error: "Error fetching access token: invalid_grant (Invalid JWT Signature.)". There are two likely causes: (1) your server time is not properly synced or (2) your certificate key file has been revoked. To solve (1), re-sync the time on your server. To solve (2), make sure the key ID for your key file is still present at https://console.firebase.google.com/iam-admin/serviceaccounts/project. If not, generate a new key file at https://console.firebase.google.com/project/_/settings/serviceaccounts/adminsdk.

[2026-02-16T06:07:14.224Z] Order 839156: Checking token for vendor 697482171fb0c0d7c5f88bd4: FOUND

[2026-02-16T06:07:14.225Z] Attempting FCM to: f4b0fI2ETd... Type: new_order
[2026-02-16T06:07:14.474Z] FCM Error: Credential implementation provided to initializeApp() via the "credential" property failed to fetch a valid Google OAuth2 access token with the following error: "Error fetching access token: invalid_grant (Invalid JWT Signature.)". There are two likely causes: (1) your server time is not properly synced or (2) your certificate key file has been revoked. To solve (1), re-sync the time on your server. To solve (2), make sure the key ID for your key file is still present at https://console.firebase.google.com/iam-admin/serviceaccounts/project. If not, generate a new key file at https://console.firebase.google.com/project/_/settings/serviceaccounts/adminsdk.

[2026-02-16T06:30:26.094Z] Order 488745: Checking token for vendor 697482171fb0c0d7c5f88bd4: FOUND

[2026-02-16T06:30:26.095Z] Attempting FCM to: f4b0fI2ETd... Type: new_order
[2026-02-16T06:30:26.312Z] FCM Error: Credential implementation provided to initializeApp() via the "credential" property failed to fetch a valid Google OAuth2 access token with the following error: "Error fetching access token: invalid_grant (Invalid JWT Signature.)". There are two likely causes: (1) your server time is not properly synced or (2) your certificate key file has been revoked. To solve (1), re-sync the time on your server. To solve (2), make sure the key ID for your key file is still present at https://console.firebase.google.com/iam-admin/serviceaccounts/project. If not, generate a new key file at https://console.firebase.google.com/project/_/settings/serviceaccounts/adminsdk.

[2026-02-16T06:30:59.690Z] Order 261853: Checking token for vendor 697482171fb0c0d7c5f88bd4: FOUND

[2026-02-16T06:30:59.691Z] Attempting FCM to: f4b0fI2ETd... Type: new_order
[2026-02-16T06:30:59.932Z] FCM Error: Credential implementation provided to initializeApp() via the "credential" property failed to fetch a valid Google OAuth2 access token with the following error: "Error fetching access token: invalid_grant (Invalid JWT Signature.)". There are two likely causes: (1) your server time is not properly synced or (2) your certificate key file has been revoked. To solve (1), re-sync the time on your server. To solve (2), make sure the key ID for your key file is still present at https://console.firebase.google.com/iam-admin/serviceaccounts/project. If not, generate a new key file at https://console.firebase.google.com/project/_/settings/serviceaccounts/adminsdk.

[2026-02-16T06:51:36.230Z] Order 795863: Checking token for vendor 697482171fb0c0d7c5f88bd4: FOUND

[2026-02-16T06:51:36.232Z] Attempting FCM to: f4b0fI2ETd... Type: new_order
[2026-02-16T06:51:36.459Z] FCM Error: Credential implementation provided to initializeApp() via the "credential" property failed to fetch a valid Google OAuth2 access token with the following error: "Error fetching access token: invalid_grant (Invalid JWT Signature.)". There are two likely causes: (1) your server time is not properly synced or (2) your certificate key file has been revoked. To solve (1), re-sync the time on your server. To solve (2), make sure the key ID for your key file is still present at https://console.firebase.google.com/iam-admin/serviceaccounts/project. If not, generate a new key file at https://console.firebase.google.com/project/_/settings/serviceaccounts/adminsdk.

[2026-02-16T08:28:16.044Z] Attempting FCM to: d72f6qvTST... Type: new_order
[2026-02-16T08:28:16.280Z] FCM Error: Credential implementation provided to initializeApp() via the "credential" property failed to fetch a valid Google OAuth2 access token with the following error: "Error fetching access token: invalid_grant (Invalid JWT Signature.)". There are two likely causes: (1) your server time is not properly synced or (2) your certificate key file has been revoked. To solve (1), re-sync the time on your server. To solve (2), make sure the key ID for your key file is still present at https://console.firebase.google.com/iam-admin/serviceaccounts/project. If not, generate a new key file at https://console.firebase.google.com/project/_/settings/serviceaccounts/adminsdk.

[2026-02-16T08:28:21.831Z] Attempting FCM to: d72f6qvTST... Type: new_order
[2026-02-16T08:28:22.049Z] FCM Error: Credential implementation provided to initializeApp() via the "credential" property failed to fetch a valid Google OAuth2 access token with the following error: "Error fetching access token: invalid_grant (Invalid JWT Signature.)". There are two likely causes: (1) your server time is not properly synced or (2) your certificate key file has been revoked. To solve (1), re-sync the time on your server. To solve (2), make sure the key ID for your key file is still present at https://console.firebase.google.com/iam-admin/serviceaccounts/project. If not, generate a new key file at https://console.firebase.google.com/project/_/settings/serviceaccounts/adminsdk.

[2026-02-16T09:09:58.583Z] Initializing Firebase Admin via path: C:\Users\raja\Desktop\sevabazar\sevaBazar_Backend\firebaseConfig.json
[2026-02-16T09:09:58.668Z] Firebase Admin Initialized Successfully.

[2026-02-16T09:10:06.672Z] Initializing Firebase Admin via path: C:\Users\raja\Desktop\sevabazar\sevaBazar_Backend\firebaseConfig.json
[2026-02-16T09:10:06.723Z] Firebase Admin Initialized Successfully.

[2026-02-16T10:41:37.275Z] Initializing Firebase Admin via path: C:\Users\raja\Desktop\sevabazar\sevaBazar_Backend\firebaseConfig.json
[2026-02-16T10:41:37.355Z] Firebase Admin Initialized Successfully.

[2026-02-16T10:47:45.598Z] Initializing Firebase Admin via path: C:\Users\raja\Desktop\sevabazar\sevaBazar_Backend\firebaseConfig.json
[2026-02-16T10:47:45.658Z] Firebase Admin Initialized Successfully.

[2026-02-16T10:56:57.588Z] Initializing Firebase Admin via path: C:\Users\raja\Desktop\sevabazar\sevaBazar_Backend\firebaseConfig.json
[2026-02-16T10:56:57.649Z] Firebase Admin Initialized Successfully.

[2026-02-16T11:00:35.842Z] Initializing Firebase Admin via path: C:\Users\raja\Desktop\sevabazar\sevaBazar_Backend\firebaseConfig.json
[2026-02-16T11:00:35.880Z] Firebase Admin Initialized Successfully.

[2026-02-16T12:07:53.795Z] Initializing Firebase Admin via path: C:\Users\raja\Desktop\sevabazar\sevaBazar_Backend\firebaseConfig.json
[2026-02-16T12:07:53.909Z] Firebase Admin Initialized Successfully.

[2026-02-16T12:29:15.682Z] Initializing Firebase Admin via path: C:\Users\raja\Desktop\sevabazar\sevaBazar_Backend\firebaseConfig.json
[2026-02-16T12:29:15.776Z] Firebase Admin Initialized Successfully.

[2026-02-16T12:33:27.951Z] Initializing Firebase Admin via path: C:\Users\raja\Desktop\sevabazar\sevaBazar_Backend\firebaseConfig.json
[2026-02-16T12:33:28.023Z] Firebase Admin Initialized Successfully.

[2026-02-17T04:29:50.776Z] Initializing Firebase Admin via path: C:\Users\raja\Desktop\sevabazar\sevaBazar_Backend\firebaseConfig.json
[2026-02-17T04:29:50.864Z] Firebase Admin Initialized Successfully.

[2026-02-17T05:50:22.023Z] Initializing Firebase Admin via path: C:\Users\raja\Desktop\sevabazar\sevaBazar_Backend\firebaseConfig.json
[2026-02-17T05:50:22.116Z] Firebase Admin Initialized Successfully.

[2026-02-17T05:50:31.369Z] Initializing Firebase Admin via path: C:\Users\raja\Desktop\sevabazar\sevaBazar_Backend\firebaseConfig.json
[2026-02-17T05:50:31.424Z] Firebase Admin Initialized Successfully.

[2026-02-17T05:50:32.960Z] Initializing Firebase Admin via path: C:\Users\raja\Desktop\sevabazar\sevaBazar_Backend\firebaseConfig.json
[2026-02-17T05:50:33.005Z] Firebase Admin Initialized Successfully.

[2026-02-17T05:50:44.906Z] Initializing Firebase Admin via path: C:\Users\raja\Desktop\sevabazar\sevaBazar_Backend\firebaseConfig.json
[2026-02-17T05:50:44.961Z] Firebase Admin Initialized Successfully.

[2026-02-17T05:50:57.016Z] Initializing Firebase Admin via path: C:\Users\raja\Desktop\sevabazar\sevaBazar_Backend\firebaseConfig.json
[2026-02-17T05:50:57.078Z] Firebase Admin Initialized Successfully.

[2026-02-17T05:50:58.366Z] Initializing Firebase Admin via path: C:\Users\raja\Desktop\sevabazar\sevaBazar_Backend\firebaseConfig.json
[2026-02-17T05:50:58.408Z] Firebase Admin Initialized Successfully.

[2026-02-17T05:51:32.087Z] Initializing Firebase Admin via path: C:\Users\raja\Desktop\sevabazar\sevaBazar_Backend\firebaseConfig.json
[2026-02-17T05:51:32.167Z] Firebase Admin Initialized Successfully.

[2026-02-17T05:52:17.535Z] Initializing Firebase Admin via path: C:\Users\raja\Desktop\sevabazar\sevaBazar_Backend\firebaseConfig.json
[2026-02-17T05:52:17.589Z] Firebase Admin Initialized Successfully.

[2026-02-17T05:53:00.536Z] Initializing Firebase Admin via path: C:\Users\raja\Desktop\sevabazar\sevaBazar_Backend\firebaseConfig.json
[2026-02-17T05:53:00.615Z] Firebase Admin Initialized Successfully.

[2026-02-17T06:01:34.095Z] Initializing Firebase Admin via path: C:\Users\raja\Desktop\sevabazar\sevaBazar_Backend\firebaseConfig.json
[2026-02-17T06:01:34.168Z] Firebase Admin Initialized Successfully.

[2026-02-17T06:01:45.370Z] Initializing Firebase Admin via path: C:\Users\raja\Desktop\sevabazar\sevaBazar_Backend\firebaseConfig.json
[2026-02-17T06:01:45.426Z] Firebase Admin Initialized Successfully.

[2026-02-17T06:02:17.216Z] Initializing Firebase Admin via path: C:\Users\raja\Desktop\sevabazar\sevaBazar_Backend\firebaseConfig.json
[2026-02-17T06:02:17.291Z] Firebase Admin Initialized Successfully.

[2026-02-17T06:27:32.465Z] Initializing Firebase Admin via path: C:\Users\raja\Desktop\sevabazar\sevaBazar_Backend\firebaseConfig.json
[2026-02-17T06:27:32.541Z] Firebase Admin Initialized Successfully.

[2026-02-17T06:33:12.124Z] Initializing Firebase Admin via path: C:\Users\raja\Desktop\sevabazar\sevaBazar_Backend\firebaseConfig.json
[2026-02-17T06:33:12.264Z] Firebase Admin Initialized Successfully.

[2026-02-17T07:51:53.074Z] Attempting FCM to: ch0-A3tpR-... Type: new_order
[2026-02-17T07:51:53.357Z] FCM Error: Credential implementation provided to initializeApp() via the "credential" property failed to fetch a valid Google OAuth2 access token with the following error: "Error fetching access token: invalid_grant (Invalid JWT Signature.)". There are two likely causes: (1) your server time is not properly synced or (2) your certificate key file has been revoked. To solve (1), re-sync the time on your server. To solve (2), make sure the key ID for your key file is still present at https://console.firebase.google.com/iam-admin/serviceaccounts/project. If not, generate a new key file at https://console.firebase.google.com/project/_/settings/serviceaccounts/adminsdk.

[2026-02-17T07:51:55.193Z] Attempting FCM to: ch0-A3tpR-... Type: new_order
[2026-02-17T07:51:55.310Z] FCM Error: Credential implementation provided to initializeApp() via the "credential" property failed to fetch a valid Google OAuth2 access token with the following error: "Error fetching access token: invalid_grant (Invalid JWT Signature.)". There are two likely causes: (1) your server time is not properly synced or (2) your certificate key file has been revoked. To solve (1), re-sync the time on your server. To solve (2), make sure the key ID for your key file is still present at https://console.firebase.google.com/iam-admin/serviceaccounts/project. If not, generate a new key file at https://console.firebase.google.com/project/_/settings/serviceaccounts/adminsdk.

[2026-02-17T08:02:08.584Z] Initializing Firebase Admin via path: C:\Users\raja\Desktop\sevabazar\sevaBazar_Backend\firebaseConfig.json
[2026-02-17T08:02:08.734Z] Firebase Admin Initialized Successfully.

[2026-02-17T08:02:15.404Z] Initializing Firebase Admin via path: C:\Users\raja\Desktop\sevabazar\sevaBazar_Backend\firebaseConfig.json
[2026-02-17T08:02:15.473Z] Firebase Admin Initialized Successfully.

[2026-02-17T08:43:53.212Z] Initializing Firebase Admin via path: C:\Users\raja\Desktop\sevabazar\sevaBazar_Backend\firebaseConfig.json
[2026-02-17T08:43:53.385Z] Firebase Admin Initialized Successfully.

[2026-02-17T09:39:57.368Z] Order 248499: Checking token for vendor 697482171fb0c0d7c5f88bd4: FOUND

[2026-02-17T09:39:57.376Z] Attempting FCM to: f4b0fI2ETd... Type: new_order
[2026-02-17T09:39:57.666Z] FCM Error: Credential implementation provided to initializeApp() via the "credential" property failed to fetch a valid Google OAuth2 access token with the following error: "Error fetching access token: invalid_grant (Invalid JWT Signature.)". There are two likely causes: (1) your server time is not properly synced or (2) your certificate key file has been revoked. To solve (1), re-sync the time on your server. To solve (2), make sure the key ID for your key file is still present at https://console.firebase.google.com/iam-admin/serviceaccounts/project. If not, generate a new key file at https://console.firebase.google.com/project/_/settings/serviceaccounts/adminsdk.

[2026-02-17T10:12:08.171Z] Order 992120: Checking token for vendor 697482171fb0c0d7c5f88bd4: FOUND

[2026-02-17T10:12:08.192Z] Attempting FCM to: f4b0fI2ETd... Type: new_order
[2026-02-17T10:12:08.484Z] FCM Error: Credential implementation provided to initializeApp() via the "credential" property failed to fetch a valid Google OAuth2 access token with the following error: "Error fetching access token: invalid_grant (Invalid JWT Signature.)". There are two likely causes: (1) your server time is not properly synced or (2) your certificate key file has been revoked. To solve (1), re-sync the time on your server. To solve (2), make sure the key ID for your key file is still present at https://console.firebase.google.com/iam-admin/serviceaccounts/project. If not, generate a new key file at https://console.firebase.google.com/project/_/settings/serviceaccounts/adminsdk.

[2026-02-17T10:13:46.055Z] Initializing Firebase Admin via path: C:\Users\raja\Desktop\sevabazar\sevaBazar_Backend\firebaseConfig.json
[2026-02-17T10:13:46.185Z] Firebase Admin Initialized Successfully.

[2026-02-17T10:15:59.634Z] Attempting FCM to: ch0-A3tpR-... Type: new_order
[2026-02-17T10:15:59.905Z] FCM Error: Credential implementation provided to initializeApp() via the "credential" property failed to fetch a valid Google OAuth2 access token with the following error: "Error fetching access token: invalid_grant (Invalid JWT Signature.)". There are two likely causes: (1) your server time is not properly synced or (2) your certificate key file has been revoked. To solve (1), re-sync the time on your server. To solve (2), make sure the key ID for your key file is still present at https://console.firebase.google.com/iam-admin/serviceaccounts/project. If not, generate a new key file at https://console.firebase.google.com/project/_/settings/serviceaccounts/adminsdk.

[2026-02-17T11:28:57.497Z] Initializing Firebase Admin via path: C:\Users\raja\Desktop\sevabazar\sevaBazar_Backend\firebaseConfig.json
[2026-02-17T11:28:57.605Z] Firebase Admin Initialized Successfully.

[2026-02-18T04:51:30.517Z] Initializing Firebase Admin via path: C:\Users\raja\Desktop\sevabazar\sevaBazar_Backend\firebaseConfig.json
[2026-02-18T04:51:30.581Z] Firebase Admin Initialized Successfully.

[2026-02-18T05:03:09.060Z] Attempting FCM to: ewzczpa-Q6... Type: new_order
[2026-02-18T05:03:09.355Z] FCM Error: Credential implementation provided to initializeApp() via the "credential" property failed to fetch a valid Google OAuth2 access token with the following error: "Error fetching access token: invalid_grant (Invalid JWT Signature.)". There are two likely causes: (1) your server time is not properly synced or (2) your certificate key file has been revoked. To solve (1), re-sync the time on your server. To solve (2), make sure the key ID for your key file is still present at https://console.firebase.google.com/iam-admin/serviceaccounts/project. If not, generate a new key file at https://console.firebase.google.com/project/_/settings/serviceaccounts/adminsdk.

[2026-02-18T05:10:21.180Z] Attempting FCM to: ewzczpa-Q6... Type: new_order
[2026-02-18T05:10:21.418Z] FCM Error: Credential implementation provided to initializeApp() via the "credential" property failed to fetch a valid Google OAuth2 access token with the following error: "Error fetching access token: invalid_grant (Invalid JWT Signature.)". There are two likely causes: (1) your server time is not properly synced or (2) your certificate key file has been revoked. To solve (1), re-sync the time on your server. To solve (2), make sure the key ID for your key file is still present at https://console.firebase.google.com/iam-admin/serviceaccounts/project. If not, generate a new key file at https://console.firebase.google.com/project/_/settings/serviceaccounts/adminsdk.

[2026-02-18T05:10:24.451Z] Attempting FCM to: ewzczpa-Q6... Type: new_order
[2026-02-18T05:10:24.568Z] FCM Error: Credential implementation provided to initializeApp() via the "credential" property failed to fetch a valid Google OAuth2 access token with the following error: "Error fetching access token: invalid_grant (Invalid JWT Signature.)". There are two likely causes: (1) your server time is not properly synced or (2) your certificate key file has been revoked. To solve (1), re-sync the time on your server. To solve (2), make sure the key ID for your key file is still present at https://console.firebase.google.com/iam-admin/serviceaccounts/project. If not, generate a new key file at https://console.firebase.google.com/project/_/settings/serviceaccounts/adminsdk.

[2026-02-18T05:19:08.322Z] Attempting FCM to: ewzczpa-Q6... Type: new_order
[2026-02-18T05:19:08.676Z] FCM Error: Credential implementation provided to initializeApp() via the "credential" property failed to fetch a valid Google OAuth2 access token with the following error: "Error fetching access token: invalid_grant (Invalid JWT Signature.)". There are two likely causes: (1) your server time is not properly synced or (2) your certificate key file has been revoked. To solve (1), re-sync the time on your server. To solve (2), make sure the key ID for your key file is still present at https://console.firebase.google.com/iam-admin/serviceaccounts/project. If not, generate a new key file at https://console.firebase.google.com/project/_/settings/serviceaccounts/adminsdk.

[2026-02-18T05:21:38.823Z] Initializing Firebase Admin via path: C:\Users\raja\Desktop\sevabazar\sevaBazar_Backend\firebaseConfig.json
[2026-02-18T05:21:38.909Z] Firebase Admin Initialized Successfully.

[2026-02-19T06:59:11.347Z] Initializing Firebase Admin via path: C:\Users\raja\Desktop\sevabazar\sevaBazar_Backend\firebaseConfig.json
[2026-02-19T06:59:11.425Z] Firebase Admin Initialized Successfully.

[2026-02-19T07:12:35.521Z] Initializing Firebase Admin via path: C:\Users\raja\Desktop\sevabazar\sevaBazar_Backend\firebaseConfig.json
[2026-02-19T07:12:35.594Z] Firebase Admin Initialized Successfully.

[2026-02-19T07:12:42.320Z] Initializing Firebase Admin via path: C:\Users\raja\Desktop\sevabazar\sevaBazar_Backend\firebaseConfig.json
[2026-02-19T07:12:42.358Z] Firebase Admin Initialized Successfully.

[2026-02-19T07:13:45.970Z] Initializing Firebase Admin via path: C:\Users\raja\Desktop\sevabazar\sevaBazar_Backend\firebaseConfig.json
[2026-02-19T07:13:46.009Z] Firebase Admin Initialized Successfully.

[2026-02-19T07:18:10.760Z] Initializing Firebase Admin via path: C:\Users\raja\Desktop\sevabazar\sevaBazar_Backend\firebaseConfig.json
[2026-02-19T07:18:10.802Z] Firebase Admin Initialized Successfully.

[2026-02-19T07:18:10.940Z] Initializing Firebase Admin via path: C:\Users\raja\Desktop\sevabazar\sevaBazar_Backend\firebaseConfig.json
[2026-02-19T07:18:10.978Z] Firebase Admin Initialized Successfully.

[2026-02-19T07:18:20.116Z] Initializing Firebase Admin via path: C:\Users\raja\Desktop\sevabazar\sevaBazar_Backend\firebaseConfig.json
[2026-02-19T07:18:20.169Z] Firebase Admin Initialized Successfully.

[2026-02-19T07:18:20.208Z] Initializing Firebase Admin via path: C:\Users\raja\Desktop\sevabazar\sevaBazar_Backend\firebaseConfig.json
[2026-02-19T07:18:20.252Z] Firebase Admin Initialized Successfully.

[2026-02-19T07:19:47.935Z] Initializing Firebase Admin via path: C:\Users\raja\Desktop\sevabazar\sevaBazar_Backend\firebaseConfig.json
[2026-02-19T07:19:47.986Z] Firebase Admin Initialized Successfully.

[2026-02-19T07:19:48.116Z] Initializing Firebase Admin via path: C:\Users\raja\Desktop\sevabazar\sevaBazar_Backend\firebaseConfig.json
[2026-02-19T07:19:48.158Z] Firebase Admin Initialized Successfully.

[2026-02-19T07:27:35.377Z] Initializing Firebase Admin via path: C:\Users\raja\Desktop\sevabazar\sevaBazar_Backend\firebaseConfig.json
[2026-02-19T07:27:35.410Z] Firebase Admin Initialized Successfully.

[2026-02-19T07:44:46.652Z] Initializing Firebase Admin via path: C:\Users\raja\Desktop\sevabazar\sevaBazar_Backend\firebaseConfig.json
[2026-02-19T07:44:46.721Z] Firebase Admin Initialized Successfully.

[2026-02-21T09:58:38.091Z] Initializing Firebase Admin via path: C:\Users\raja\Desktop\sevabazar\sevaBazar_Backend\firebaseConfig.json
[2026-02-21T09:58:38.228Z] Firebase Admin Initialized Successfully.

[2026-02-21T10:19:36.108Z] Initializing Firebase Admin via path: C:\Users\raja\Desktop\sevabazar\sevaBazar_Backend\firebaseConfig.json
[2026-02-21T10:19:36.207Z] Firebase Admin Initialized Successfully.

[2026-02-21T10:27:49.127Z] Initializing Firebase Admin via path: C:\Users\raja\Desktop\sevabazar\sevaBazar_Backend\firebaseConfig.json
[2026-02-21T10:27:49.227Z] Firebase Admin Initialized Successfully.

[2026-02-21T10:27:55.878Z] Initializing Firebase Admin via path: C:\Users\raja\Desktop\sevabazar\sevaBazar_Backend\firebaseConfig.json
[2026-02-21T10:27:55.977Z] Firebase Admin Initialized Successfully.

[2026-02-23T04:52:47.454Z] Initializing Firebase Admin via path: C:\Users\raja\Desktop\sevabazar\sevaBazar_Backend\firebaseConfig.json
[2026-02-23T04:52:47.531Z] Firebase Admin Initialized Successfully.

[2026-02-23T07:17:40.387Z] Initializing Firebase Admin via path: C:\Users\raja\Desktop\sevabazar\sevaBazar_Backend\firebaseConfig.json
[2026-02-23T07:17:40.455Z] Firebase Admin Initialized Successfully.

[2026-02-23T07:26:40.317Z] Initializing Firebase Admin via path: C:\Users\raja\Desktop\sevabazar\sevaBazar_Backend\firebaseConfig.json
[2026-02-23T07:26:40.426Z] Firebase Admin Initialized Successfully.

[2026-02-23T07:38:34.573Z] Initializing Firebase Admin via path: C:\Users\raja\Desktop\sevabazar\sevaBazar_Backend\firebaseConfig.json
[2026-02-23T07:38:34.724Z] Firebase Admin Initialized Successfully.

[2026-02-23T13:05:41.352Z] Initializing Firebase Admin via path: C:\Users\raja\Desktop\sevabazar\sevaBazar_Backend\firebaseConfig.json
[2026-02-23T13:05:41.434Z] Firebase Admin Initialized Successfully.

[2026-02-23T13:10:09.847Z] Order 431507: Checking token for vendor 697482171fb0c0d7c5f88bd4: FOUND

[2026-02-23T13:10:09.851Z] Attempting FCM to: d2V7P6koTt... Type: new_order
[2026-02-23T13:10:10.252Z] FCM Error: Credential implementation provided to initializeApp() via the "credential" property failed to fetch a valid Google OAuth2 access token with the following error: "Error fetching access token: invalid_grant (Invalid JWT Signature.)". There are two likely causes: (1) your server time is not properly synced or (2) your certificate key file has been revoked. To solve (1), re-sync the time on your server. To solve (2), make sure the key ID for your key file is still present at https://console.firebase.google.com/iam-admin/serviceaccounts/project. If not, generate a new key file at https://console.firebase.google.com/project/_/settings/serviceaccounts/adminsdk.

[2026-02-23T13:11:14.481Z] Order 541170: Checking token for vendor 697482171fb0c0d7c5f88bd4: FOUND

[2026-02-23T13:11:14.483Z] Attempting FCM to: d2V7P6koTt... Type: new_order
[2026-02-23T13:11:14.835Z] FCM Error: Credential implementation provided to initializeApp() via the "credential" property failed to fetch a valid Google OAuth2 access token with the following error: "Error fetching access token: invalid_grant (Invalid JWT Signature.)". There are two likely causes: (1) your server time is not properly synced or (2) your certificate key file has been revoked. To solve (1), re-sync the time on your server. To solve (2), make sure the key ID for your key file is still present at https://console.firebase.google.com/iam-admin/serviceaccounts/project. If not, generate a new key file at https://console.firebase.google.com/project/_/settings/serviceaccounts/adminsdk.

[2026-02-23T14:26:12.350Z] Initializing Firebase Admin via path: C:\Users\raja\Desktop\sevabazar\sevaBazar_Backend\firebaseConfig.json
[2026-02-23T14:26:12.505Z] Firebase Admin Initialized Successfully.

[2026-02-23T14:26:38.419Z] Initializing Firebase Admin via path: C:\Users\raja\Desktop\sevabazar\sevaBazar_Backend\firebaseConfig.json
[2026-02-23T14:26:38.528Z] Firebase Admin Initialized Successfully.

[2026-02-23T14:29:04.695Z] Initializing Firebase Admin via path: C:\Users\raja\Desktop\sevabazar\sevaBazar_Backend\firebaseConfig.json
[2026-02-23T14:29:04.817Z] Firebase Admin Initialized Successfully.

[2026-02-23T14:30:36.647Z] Initializing Firebase Admin via path: C:\Users\raja\Desktop\sevabazar\sevaBazar_Backend\firebaseConfig.json
[2026-02-23T14:30:36.817Z] Firebase Admin Initialized Successfully.

[2026-02-23T14:30:42.254Z] Initializing Firebase Admin via path: C:\Users\raja\Desktop\sevabazar\sevaBazar_Backend\firebaseConfig.json
[2026-02-23T14:30:42.374Z] Firebase Admin Initialized Successfully.

[2026-02-23T14:32:25.344Z] Initializing Firebase Admin via path: C:\Users\raja\Desktop\sevabazar\sevaBazar_Backend\firebaseConfig.json
[2026-02-23T14:32:25.490Z] Firebase Admin Initialized Successfully.

[2026-02-23T14:37:10.388Z] Initializing Firebase Admin via path: C:\Users\raja\Desktop\sevabazar\sevaBazar_Backend\firebaseConfig.json
[2026-02-23T14:37:10.519Z] Firebase Admin Initialized Successfully.

[2026-02-23T14:44:10.332Z] Initializing Firebase Admin via path: C:\Users\raja\Desktop\sevabazar\sevaBazar_Backend\firebaseConfig.json
[2026-02-23T14:44:10.527Z] Firebase Admin Initialized Successfully.

[2026-02-23T14:44:55.418Z] Initializing Firebase Admin via path: C:\Users\raja\Desktop\sevabazar\sevaBazar_Backend\firebaseConfig.json
[2026-02-23T14:44:55.563Z] Firebase Admin Initialized Successfully.

[2026-02-23T14:45:35.379Z] Initializing Firebase Admin via path: C:\Users\raja\Desktop\sevabazar\sevaBazar_Backend\firebaseConfig.json
[2026-02-23T14:45:35.526Z] Firebase Admin Initialized Successfully.

[2026-02-23T14:46:04.739Z] Initializing Firebase Admin via path: C:\Users\raja\Desktop\sevabazar\sevaBazar_Backend\firebaseConfig.json
[2026-02-23T14:46:04.890Z] Firebase Admin Initialized Successfully.

[2026-02-23T15:31:27.843Z] Initializing Firebase Admin via path: C:\Users\raja\Desktop\sevabazar\sevaBazar_Backend\firebaseConfig.json
[2026-02-23T15:31:27.954Z] Firebase Admin Initialized Successfully.

[2026-02-23T15:55:47.077Z] Initializing Firebase Admin via path: C:\Users\raja\Desktop\sevabazar\sevaBazar_Backend\firebaseConfig.json
[2026-02-23T15:55:47.254Z] Firebase Admin Initialized Successfully.

[2026-02-23T15:56:02.620Z] Initializing Firebase Admin via path: C:\Users\raja\Desktop\sevabazar\sevaBazar_Backend\firebaseConfig.json
[2026-02-23T15:56:02.707Z] Firebase Admin Initialized Successfully.

[2026-02-23T15:56:48.687Z] Initializing Firebase Admin via path: C:\Users\raja\Desktop\sevabazar\sevaBazar_Backend\firebaseConfig.json
[2026-02-23T15:56:48.771Z] Firebase Admin Initialized Successfully.

[2026-02-23T15:57:36.486Z] Initializing Firebase Admin via path: C:\Users\raja\Desktop\sevabazar\sevaBazar_Backend\firebaseConfig.json
[2026-02-23T15:57:36.625Z] Firebase Admin Initialized Successfully.

[2026-02-23T15:57:58.453Z] Initializing Firebase Admin via path: C:\Users\raja\Desktop\sevabazar\sevaBazar_Backend\firebaseConfig.json
[2026-02-23T15:57:58.547Z] Firebase Admin Initialized Successfully.

[2026-02-23T16:14:01.983Z] Order 178224: Checking token for vendor 697482171fb0c0d7c5f88bd4: FOUND

[2026-02-23T16:14:01.986Z] Attempting FCM to: d2V7P6koTt... Type: new_order
[2026-02-23T16:14:02.382Z] FCM Error: Credential implementation provided to initializeApp() via the "credential" property failed to fetch a valid Google OAuth2 access token with the following error: "Error fetching access token: invalid_grant (Invalid JWT Signature.)". There are two likely causes: (1) your server time is not properly synced or (2) your certificate key file has been revoked. To solve (1), re-sync the time on your server. To solve (2), make sure the key ID for your key file is still present at https://console.firebase.google.com/iam-admin/serviceaccounts/project. If not, generate a new key file at https://console.firebase.google.com/project/_/settings/serviceaccounts/adminsdk.

[2026-02-23T16:14:08.663Z] Attempting FCM to: c7CG5EfiT_... Type: new_order
[2026-02-23T16:14:08.886Z] FCM Error: Credential implementation provided to initializeApp() via the "credential" property failed to fetch a valid Google OAuth2 access token with the following error: "Error fetching access token: invalid_grant (Invalid JWT Signature.)". There are two likely causes: (1) your server time is not properly synced or (2) your certificate key file has been revoked. To solve (1), re-sync the time on your server. To solve (2), make sure the key ID for your key file is still present at https://console.firebase.google.com/iam-admin/serviceaccounts/project. If not, generate a new key file at https://console.firebase.google.com/project/_/settings/serviceaccounts/adminsdk.

[2026-02-23T16:14:13.797Z] Attempting FCM to: c7CG5EfiT_... Type: new_order
[2026-02-23T16:14:14.014Z] FCM Error: Credential implementation provided to initializeApp() via the "credential" property failed to fetch a valid Google OAuth2 access token with the following error: "Error fetching access token: invalid_grant (Invalid JWT Signature.)". There are two likely causes: (1) your server time is not properly synced or (2) your certificate key file has been revoked. To solve (1), re-sync the time on your server. To solve (2), make sure the key ID for your key file is still present at https://console.firebase.google.com/iam-admin/serviceaccounts/project. If not, generate a new key file at https://console.firebase.google.com/project/_/settings/serviceaccounts/adminsdk.

[2026-02-23T16:14:29.184Z] Attempting FCM to: c7CG5EfiT_... Type: new_order
[2026-02-23T16:14:29.458Z] FCM Error: Credential implementation provided to initializeApp() via the "credential" property failed to fetch a valid Google OAuth2 access token with the following error: "Error fetching access token: invalid_grant (Invalid JWT Signature.)". There are two likely causes: (1) your server time is not properly synced or (2) your certificate key file has been revoked. To solve (1), re-sync the time on your server. To solve (2), make sure the key ID for your key file is still present at https://console.firebase.google.com/iam-admin/serviceaccounts/project. If not, generate a new key file at https://console.firebase.google.com/project/_/settings/serviceaccounts/adminsdk.

[2026-02-23T16:15:46.803Z] Attempting FCM to: c7CG5EfiT_... Type: new_order
[2026-02-23T16:15:47.046Z] FCM Error: Credential implementation provided to initializeApp() via the "credential" property failed to fetch a valid Google OAuth2 access token with the following error: "Error fetching access token: invalid_grant (Invalid JWT Signature.)". There are two likely causes: (1) your server time is not properly synced or (2) your certificate key file has been revoked. To solve (1), re-sync the time on your server. To solve (2), make sure the key ID for your key file is still present at https://console.firebase.google.com/iam-admin/serviceaccounts/project. If not, generate a new key file at https://console.firebase.google.com/project/_/settings/serviceaccounts/adminsdk.

[2026-02-23T16:18:22.990Z] Initializing Firebase Admin via path: C:\Users\raja\Desktop\sevabazar\sevaBazar_Backend\firebaseConfig.json
[2026-02-23T16:18:23.134Z] Firebase Admin Initialized Successfully.

[2026-02-23T16:20:22.981Z] Attempting FCM to: c7CG5EfiT_... Type: new_order
[2026-02-23T16:20:23.363Z] FCM Error: Credential implementation provided to initializeApp() via the "credential" property failed to fetch a valid Google OAuth2 access token with the following error: "Error fetching access token: invalid_grant (Invalid JWT Signature.)". There are two likely causes: (1) your server time is not properly synced or (2) your certificate key file has been revoked. To solve (1), re-sync the time on your server. To solve (2), make sure the key ID for your key file is still present at https://console.firebase.google.com/iam-admin/serviceaccounts/project. If not, generate a new key file at https://console.firebase.google.com/project/_/settings/serviceaccounts/adminsdk.

[2026-02-23T16:20:57.898Z] Attempting FCM to: c7CG5EfiT_... Type: new_order
[2026-02-23T16:20:58.192Z] FCM Error: Credential implementation provided to initializeApp() via the "credential" property failed to fetch a valid Google OAuth2 access token with the following error: "Error fetching access token: invalid_grant (Invalid JWT Signature.)". There are two likely causes: (1) your server time is not properly synced or (2) your certificate key file has been revoked. To solve (1), re-sync the time on your server. To solve (2), make sure the key ID for your key file is still present at https://console.firebase.google.com/iam-admin/serviceaccounts/project. If not, generate a new key file at https://console.firebase.google.com/project/_/settings/serviceaccounts/adminsdk.

[2026-02-23T16:21:00.061Z] Attempting FCM to: c7CG5EfiT_... Type: new_order
[2026-02-23T16:21:00.180Z] FCM Error: Credential implementation provided to initializeApp() via the "credential" property failed to fetch a valid Google OAuth2 access token with the following error: "Error fetching access token: invalid_grant (Invalid JWT Signature.)". There are two likely causes: (1) your server time is not properly synced or (2) your certificate key file has been revoked. To solve (1), re-sync the time on your server. To solve (2), make sure the key ID for your key file is still present at https://console.firebase.google.com/iam-admin/serviceaccounts/project. If not, generate a new key file at https://console.firebase.google.com/project/_/settings/serviceaccounts/adminsdk.

[2026-02-23T16:21:34.133Z] Attempting FCM to: c7CG5EfiT_... Type: new_order
[2026-02-23T16:21:34.349Z] FCM Error: Credential implementation provided to initializeApp() via the "credential" property failed to fetch a valid Google OAuth2 access token with the following error: "Error fetching access token: invalid_grant (Invalid JWT Signature.)". There are two likely causes: (1) your server time is not properly synced or (2) your certificate key file has been revoked. To solve (1), re-sync the time on your server. To solve (2), make sure the key ID for your key file is still present at https://console.firebase.google.com/iam-admin/serviceaccounts/project. If not, generate a new key file at https://console.firebase.google.com/project/_/settings/serviceaccounts/adminsdk.

[2026-02-23T16:30:47.579Z] Initializing Firebase Admin via path: C:\Users\raja\Desktop\sevabazar\sevaBazar_Backend\firebaseConfig.json
[2026-02-23T16:30:47.690Z] Firebase Admin Initialized Successfully.

[2026-02-23T16:31:05.474Z] Initializing Firebase Admin via path: C:\Users\raja\Desktop\sevabazar\sevaBazar_Backend\firebaseConfig.json
[2026-02-23T16:31:05.566Z] Firebase Admin Initialized Successfully.

[2026-02-23T16:32:07.580Z] Initializing Firebase Admin via path: C:\Users\raja\Desktop\sevabazar\sevaBazar_Backend\firebaseConfig.json
[2026-02-23T16:32:07.683Z] Firebase Admin Initialized Successfully.

[2026-02-23T16:44:28.206Z] Initializing Firebase Admin via path: C:\Users\raja\Desktop\sevabazar\sevaBazar_Backend\firebaseConfig.json
[2026-02-23T16:44:28.288Z] Firebase Admin Initialized Successfully.

[2026-02-23T16:49:17.764Z] Order 765443: Checking token for vendor 697482171fb0c0d7c5f88bd4: FOUND

[2026-02-23T16:49:17.766Z] Attempting FCM to: d2V7P6koTt... Type: new_order
[2026-02-23T16:49:18.145Z] FCM Error: Credential implementation provided to initializeApp() via the "credential" property failed to fetch a valid Google OAuth2 access token with the following error: "Error fetching access token: invalid_grant (Invalid JWT Signature.)". There are two likely causes: (1) your server time is not properly synced or (2) your certificate key file has been revoked. To solve (1), re-sync the time on your server. To solve (2), make sure the key ID for your key file is still present at https://console.firebase.google.com/iam-admin/serviceaccounts/project. If not, generate a new key file at https://console.firebase.google.com/project/_/settings/serviceaccounts/adminsdk.

[2026-02-23T16:49:27.491Z] Attempting FCM to: c7CG5EfiT_... Type: new_order
[2026-02-23T16:49:27.835Z] FCM Error: Credential implementation provided to initializeApp() via the "credential" property failed to fetch a valid Google OAuth2 access token with the following error: "Error fetching access token: invalid_grant (Invalid JWT Signature.)". There are two likely causes: (1) your server time is not properly synced or (2) your certificate key file has been revoked. To solve (1), re-sync the time on your server. To solve (2), make sure the key ID for your key file is still present at https://console.firebase.google.com/iam-admin/serviceaccounts/project. If not, generate a new key file at https://console.firebase.google.com/project/_/settings/serviceaccounts/adminsdk.

[2026-02-23T16:49:30.428Z] Attempting FCM to: c7CG5EfiT_... Type: new_order
[2026-02-23T16:49:30.664Z] FCM Error: Credential implementation provided to initializeApp() via the "credential" property failed to fetch a valid Google OAuth2 access token with the following error: "Error fetching access token: invalid_grant (Invalid JWT Signature.)". There are two likely causes: (1) your server time is not properly synced or (2) your certificate key file has been revoked. To solve (1), re-sync the time on your server. To solve (2), make sure the key ID for your key file is still present at https://console.firebase.google.com/iam-admin/serviceaccounts/project. If not, generate a new key file at https://console.firebase.google.com/project/_/settings/serviceaccounts/adminsdk.

[2026-02-23T16:55:20.473Z] Attempting FCM to: c7CG5EfiT_... Type: new_order
[2026-02-23T16:55:20.796Z] FCM Error: Credential implementation provided to initializeApp() via the "credential" property failed to fetch a valid Google OAuth2 access token with the following error: "Error fetching access token: invalid_grant (Invalid JWT Signature.)". There are two likely causes: (1) your server time is not properly synced or (2) your certificate key file has been revoked. To solve (1), re-sync the time on your server. To solve (2), make sure the key ID for your key file is still present at https://console.firebase.google.com/iam-admin/serviceaccounts/project. If not, generate a new key file at https://console.firebase.google.com/project/_/settings/serviceaccounts/adminsdk.

[2026-02-23T16:59:28.768Z] Attempting FCM to: c7CG5EfiT_... Type: new_order
[2026-02-23T16:59:29.141Z] FCM Error: Credential implementation provided to initializeApp() via the "credential" property failed to fetch a valid Google OAuth2 access token with the following error: "Error fetching access token: invalid_grant (Invalid JWT Signature.)". There are two likely causes: (1) your server time is not properly synced or (2) your certificate key file has been revoked. To solve (1), re-sync the time on your server. To solve (2), make sure the key ID for your key file is still present at https://console.firebase.google.com/iam-admin/serviceaccounts/project. If not, generate a new key file at https://console.firebase.google.com/project/_/settings/serviceaccounts/adminsdk.

[2026-02-23T17:01:57.356Z] Initializing Firebase Admin via path: C:\Users\raja\Desktop\sevabazar\sevaBazar_Backend\firebaseConfig.json
[2026-02-23T17:01:57.459Z] Firebase Admin Initialized Successfully.

[2026-02-23T17:02:13.469Z] Initializing Firebase Admin via path: C:\Users\raja\Desktop\sevabazar\sevaBazar_Backend\firebaseConfig.json
[2026-02-23T17:02:13.573Z] Firebase Admin Initialized Successfully.

[2026-02-23T17:02:58.309Z] Attempting FCM to: c7CG5EfiT_... Type: new_order
[2026-02-23T17:02:58.729Z] FCM Error: Credential implementation provided to initializeApp() via the "credential" property failed to fetch a valid Google OAuth2 access token with the following error: "Error fetching access token: invalid_grant (Invalid JWT Signature.)". There are two likely causes: (1) your server time is not properly synced or (2) your certificate key file has been revoked. To solve (1), re-sync the time on your server. To solve (2), make sure the key ID for your key file is still present at https://console.firebase.google.com/iam-admin/serviceaccounts/project. If not, generate a new key file at https://console.firebase.google.com/project/_/settings/serviceaccounts/adminsdk.

[2026-02-23T17:04:31.911Z] Order 954093: Checking token for vendor 697482171fb0c0d7c5f88bd4: FOUND

[2026-02-23T17:04:31.913Z] Attempting FCM to: d2V7P6koTt... Type: new_order
[2026-02-23T17:04:32.246Z] FCM Error: Credential implementation provided to initializeApp() via the "credential" property failed to fetch a valid Google OAuth2 access token with the following error: "Error fetching access token: invalid_grant (Invalid JWT Signature.)". There are two likely causes: (1) your server time is not properly synced or (2) your certificate key file has been revoked. To solve (1), re-sync the time on your server. To solve (2), make sure the key ID for your key file is still present at https://console.firebase.google.com/iam-admin/serviceaccounts/project. If not, generate a new key file at https://console.firebase.google.com/project/_/settings/serviceaccounts/adminsdk.

[2026-02-23T17:04:47.298Z] Attempting FCM to: c7CG5EfiT_... Type: new_order
[2026-02-23T17:04:47.559Z] FCM Error: Credential implementation provided to initializeApp() via the "credential" property failed to fetch a valid Google OAuth2 access token with the following error: "Error fetching access token: invalid_grant (Invalid JWT Signature.)". There are two likely causes: (1) your server time is not properly synced or (2) your certificate key file has been revoked. To solve (1), re-sync the time on your server. To solve (2), make sure the key ID for your key file is still present at https://console.firebase.google.com/iam-admin/serviceaccounts/project. If not, generate a new key file at https://console.firebase.google.com/project/_/settings/serviceaccounts/adminsdk.

[2026-02-23T17:04:49.364Z] Attempting FCM to: c7CG5EfiT_... Type: new_order
[2026-02-23T17:04:49.483Z] FCM Error: Credential implementation provided to initializeApp() via the "credential" property failed to fetch a valid Google OAuth2 access token with the following error: "Error fetching access token: invalid_grant (Invalid JWT Signature.)". There are two likely causes: (1) your server time is not properly synced or (2) your certificate key file has been revoked. To solve (1), re-sync the time on your server. To solve (2), make sure the key ID for your key file is still present at https://console.firebase.google.com/iam-admin/serviceaccounts/project. If not, generate a new key file at https://console.firebase.google.com/project/_/settings/serviceaccounts/adminsdk.

[2026-02-24T06:13:49.026Z] Initializing Firebase Admin via path: C:\Users\raja\Desktop\sevabazar\sevaBazar_Backend\firebaseConfig.json
[2026-02-24T06:13:49.107Z] Firebase Admin Initialized Successfully.

[2026-02-24T06:21:28.933Z] Initializing Firebase Admin via path: C:\Users\raja\Desktop\sevabazar\sevaBazar_Backend\firebaseConfig.json
[2026-02-24T06:21:29.220Z] Firebase Admin Initialized Successfully.

[2026-02-24T06:53:28.099Z] Order 786779: Checking token for vendor 697482171fb0c0d7c5f88bd4: FOUND

[2026-02-24T06:53:28.101Z] Attempting FCM to: d2V7P6koTt... Type: new_order
[2026-02-24T06:53:28.434Z] FCM Error: Credential implementation provided to initializeApp() via the "credential" property failed to fetch a valid Google OAuth2 access token with the following error: "Error fetching access token: invalid_grant (Invalid JWT Signature.)". There are two likely causes: (1) your server time is not properly synced or (2) your certificate key file has been revoked. To solve (1), re-sync the time on your server. To solve (2), make sure the key ID for your key file is still present at https://console.firebase.google.com/iam-admin/serviceaccounts/project. If not, generate a new key file at https://console.firebase.google.com/project/_/settings/serviceaccounts/adminsdk.

[2026-02-24T06:54:08.777Z] Order 657015: Checking token for vendor 697482171fb0c0d7c5f88bd4: FOUND

[2026-02-24T06:54:08.778Z] Attempting FCM to: d2V7P6koTt... Type: new_order
[2026-02-24T06:54:08.977Z] FCM Error: Credential implementation provided to initializeApp() via the "credential" property failed to fetch a valid Google OAuth2 access token with the following error: "Error fetching access token: invalid_grant (Invalid JWT Signature.)". There are two likely causes: (1) your server time is not properly synced or (2) your certificate key file has been revoked. To solve (1), re-sync the time on your server. To solve (2), make sure the key ID for your key file is still present at https://console.firebase.google.com/iam-admin/serviceaccounts/project. If not, generate a new key file at https://console.firebase.google.com/project/_/settings/serviceaccounts/adminsdk.

[2026-02-24T07:06:34.458Z] Order 809078: Checking token for vendor 697482171fb0c0d7c5f88bd4: FOUND

[2026-02-24T07:06:34.460Z] Attempting FCM to: d2V7P6koTt... Type: new_order
[2026-02-24T07:06:34.748Z] FCM Error: Credential implementation provided to initializeApp() via the "credential" property failed to fetch a valid Google OAuth2 access token with the following error: "Error fetching access token: invalid_grant (Invalid JWT Signature.)". There are two likely causes: (1) your server time is not properly synced or (2) your certificate key file has been revoked. To solve (1), re-sync the time on your server. To solve (2), make sure the key ID for your key file is still present at https://console.firebase.google.com/iam-admin/serviceaccounts/project. If not, generate a new key file at https://console.firebase.google.com/project/_/settings/serviceaccounts/adminsdk.

[2026-02-24T07:09:49.668Z] Order 854562: Checking token for vendor 697482171fb0c0d7c5f88bd4: FOUND

[2026-02-24T07:09:49.671Z] Attempting FCM to: d2V7P6koTt... Type: new_order
[2026-02-24T07:09:49.892Z] FCM Error: Credential implementation provided to initializeApp() via the "credential" property failed to fetch a valid Google OAuth2 access token with the following error: "Error fetching access token: invalid_grant (Invalid JWT Signature.)". There are two likely causes: (1) your server time is not properly synced or (2) your certificate key file has been revoked. To solve (1), re-sync the time on your server. To solve (2), make sure the key ID for your key file is still present at https://console.firebase.google.com/iam-admin/serviceaccounts/project. If not, generate a new key file at https://console.firebase.google.com/project/_/settings/serviceaccounts/adminsdk.

[2026-02-24T07:20:36.416Z] Order 183851: Checking token for vendor 697482171fb0c0d7c5f88bd4: FOUND

[2026-02-24T07:20:36.422Z] Attempting FCM to: d2V7P6koTt... Type: new_order
[2026-02-24T07:20:36.671Z] FCM Error: Credential implementation provided to initializeApp() via the "credential" property failed to fetch a valid Google OAuth2 access token with the following error: "Error fetching access token: invalid_grant (Invalid JWT Signature.)". There are two likely causes: (1) your server time is not properly synced or (2) your certificate key file has been revoked. To solve (1), re-sync the time on your server. To solve (2), make sure the key ID for your key file is still present at https://console.firebase.google.com/iam-admin/serviceaccounts/project. If not, generate a new key file at https://console.firebase.google.com/project/_/settings/serviceaccounts/adminsdk.

[2026-02-24T07:21:20.351Z] Order 842662: Checking token for vendor 697482171fb0c0d7c5f88bd4: FOUND

[2026-02-24T07:21:20.352Z] Attempting FCM to: d2V7P6koTt... Type: new_order
[2026-02-24T07:21:20.639Z] FCM Error: Credential implementation provided to initializeApp() via the "credential" property failed to fetch a valid Google OAuth2 access token with the following error: "Error fetching access token: invalid_grant (Invalid JWT Signature.)". There are two likely causes: (1) your server time is not properly synced or (2) your certificate key file has been revoked. To solve (1), re-sync the time on your server. To solve (2), make sure the key ID for your key file is still present at https://console.firebase.google.com/iam-admin/serviceaccounts/project. If not, generate a new key file at https://console.firebase.google.com/project/_/settings/serviceaccounts/adminsdk.

[2026-02-24T07:22:24.263Z] Order 919362: Checking token for vendor 697482171fb0c0d7c5f88bd4: FOUND

[2026-02-24T07:22:24.264Z] Attempting FCM to: d2V7P6koTt... Type: new_order
[2026-02-24T07:22:24.556Z] FCM Error: Credential implementation provided to initializeApp() via the "credential" property failed to fetch a valid Google OAuth2 access token with the following error: "Error fetching access token: invalid_grant (Invalid JWT Signature.)". There are two likely causes: (1) your server time is not properly synced or (2) your certificate key file has been revoked. To solve (1), re-sync the time on your server. To solve (2), make sure the key ID for your key file is still present at https://console.firebase.google.com/iam-admin/serviceaccounts/project. If not, generate a new key file at https://console.firebase.google.com/project/_/settings/serviceaccounts/adminsdk.

[2026-02-24T07:22:55.120Z] Order 954231: Checking token for vendor 697482171fb0c0d7c5f88bd4: FOUND

[2026-02-24T07:22:55.121Z] Attempting FCM to: d2V7P6koTt... Type: new_order
[2026-02-24T07:22:55.342Z] FCM Error: Credential implementation provided to initializeApp() via the "credential" property failed to fetch a valid Google OAuth2 access token with the following error: "Error fetching access token: invalid_grant (Invalid JWT Signature.)". There are two likely causes: (1) your server time is not properly synced or (2) your certificate key file has been revoked. To solve (1), re-sync the time on your server. To solve (2), make sure the key ID for your key file is still present at https://console.firebase.google.com/iam-admin/serviceaccounts/project. If not, generate a new key file at https://console.firebase.google.com/project/_/settings/serviceaccounts/adminsdk.

[2026-02-24T07:23:45.934Z] Order 435489: Checking token for vendor 697482171fb0c0d7c5f88bd4: FOUND

[2026-02-24T07:23:45.935Z] Attempting FCM to: d2V7P6koTt... Type: new_order
[2026-02-24T07:23:46.285Z] FCM Error: Credential implementation provided to initializeApp() via the "credential" property failed to fetch a valid Google OAuth2 access token with the following error: "Error fetching access token: invalid_grant (Invalid JWT Signature.)". There are two likely causes: (1) your server time is not properly synced or (2) your certificate key file has been revoked. To solve (1), re-sync the time on your server. To solve (2), make sure the key ID for your key file is still present at https://console.firebase.google.com/iam-admin/serviceaccounts/project. If not, generate a new key file at https://console.firebase.google.com/project/_/settings/serviceaccounts/adminsdk.

[2026-02-24T08:21:11.939Z] Initializing Firebase Admin via path: C:\Users\raja\Desktop\sevabazar\sevaBazar_Backend\firebaseConfig.json
[2026-02-24T08:21:12.015Z] Firebase Admin Initialized Successfully.

[2026-02-24T08:33:30.483Z] Initializing Firebase Admin via path: C:\Users\raja\Desktop\sevabazar\sevaBazar_Backend\firebaseConfig.json
[2026-02-24T08:33:30.577Z] Firebase Admin Initialized Successfully.

[2026-02-24T08:34:49.565Z] Attempting FCM to: d2V7P6koTt... Type: new_order
[2026-02-24T08:34:49.833Z] FCM Error: Credential implementation provided to initializeApp() via the "credential" property failed to fetch a valid Google OAuth2 access token with the following error: "Error fetching access token: invalid_grant (Invalid JWT Signature.)". There are two likely causes: (1) your server time is not properly synced or (2) your certificate key file has been revoked. To solve (1), re-sync the time on your server. To solve (2), make sure the key ID for your key file is still present at https://console.firebase.google.com/iam-admin/serviceaccounts/project. If not, generate a new key file at https://console.firebase.google.com/project/_/settings/serviceaccounts/adminsdk.

[2026-02-24T08:40:08.828Z] Attempting FCM to: d2V7P6koTt... Type: new_order
[2026-02-24T08:40:09.086Z] FCM Error: Credential implementation provided to initializeApp() via the "credential" property failed to fetch a valid Google OAuth2 access token with the following error: "Error fetching access token: invalid_grant (Invalid JWT Signature.)". There are two likely causes: (1) your server time is not properly synced or (2) your certificate key file has been revoked. To solve (1), re-sync the time on your server. To solve (2), make sure the key ID for your key file is still present at https://console.firebase.google.com/iam-admin/serviceaccounts/project. If not, generate a new key file at https://console.firebase.google.com/project/_/settings/serviceaccounts/adminsdk.

[2026-02-24T08:55:02.356Z] Attempting FCM to: d2V7P6koTt... Type: new_order
[2026-02-24T08:55:02.749Z] FCM Error: Credential implementation provided to initializeApp() via the "credential" property failed to fetch a valid Google OAuth2 access token with the following error: "Error fetching access token: invalid_grant (Invalid JWT Signature.)". There are two likely causes: (1) your server time is not properly synced or (2) your certificate key file has been revoked. To solve (1), re-sync the time on your server. To solve (2), make sure the key ID for your key file is still present at https://console.firebase.google.com/iam-admin/serviceaccounts/project. If not, generate a new key file at https://console.firebase.google.com/project/_/settings/serviceaccounts/adminsdk.

[2026-02-24T08:56:20.535Z] Attempting FCM to: d2V7P6koTt... Type: new_order
[2026-02-24T08:56:20.801Z] FCM Error: Credential implementation provided to initializeApp() via the "credential" property failed to fetch a valid Google OAuth2 access token with the following error: "Error fetching access token: invalid_grant (Invalid JWT Signature.)". There are two likely causes: (1) your server time is not properly synced or (2) your certificate key file has been revoked. To solve (1), re-sync the time on your server. To solve (2), make sure the key ID for your key file is still present at https://console.firebase.google.com/iam-admin/serviceaccounts/project. If not, generate a new key file at https://console.firebase.google.com/project/_/settings/serviceaccounts/adminsdk.

[2026-02-24T09:15:48.163Z] Attempting FCM to: d2V7P6koTt... Type: new_order
[2026-02-24T09:15:48.398Z] FCM Error: Credential implementation provided to initializeApp() via the "credential" property failed to fetch a valid Google OAuth2 access token with the following error: "Error fetching access token: invalid_grant (Invalid JWT Signature.)". There are two likely causes: (1) your server time is not properly synced or (2) your certificate key file has been revoked. To solve (1), re-sync the time on your server. To solve (2), make sure the key ID for your key file is still present at https://console.firebase.google.com/iam-admin/serviceaccounts/project. If not, generate a new key file at https://console.firebase.google.com/project/_/settings/serviceaccounts/adminsdk.

[2026-02-24T09:17:08.249Z] Attempting FCM to: d2V7P6koTt... Type: new_order
[2026-02-24T09:17:08.472Z] FCM Error: Credential implementation provided to initializeApp() via the "credential" property failed to fetch a valid Google OAuth2 access token with the following error: "Error fetching access token: invalid_grant (Invalid JWT Signature.)". There are two likely causes: (1) your server time is not properly synced or (2) your certificate key file has been revoked. To solve (1), re-sync the time on your server. To solve (2), make sure the key ID for your key file is still present at https://console.firebase.google.com/iam-admin/serviceaccounts/project. If not, generate a new key file at https://console.firebase.google.com/project/_/settings/serviceaccounts/adminsdk.

[2026-02-24T09:17:52.141Z] Order 575954: Checking token for vendor 697482171fb0c0d7c5f88bd4: FOUND

[2026-02-24T09:17:52.143Z] Attempting FCM to: d2V7P6koTt... Type: new_order
[2026-02-24T09:17:52.448Z] FCM Error: Credential implementation provided to initializeApp() via the "credential" property failed to fetch a valid Google OAuth2 access token with the following error: "Error fetching access token: invalid_grant (Invalid JWT Signature.)". There are two likely causes: (1) your server time is not properly synced or (2) your certificate key file has been revoked. To solve (1), re-sync the time on your server. To solve (2), make sure the key ID for your key file is still present at https://console.firebase.google.com/iam-admin/serviceaccounts/project. If not, generate a new key file at https://console.firebase.google.com/project/_/settings/serviceaccounts/adminsdk.

[2026-02-24T10:13:49.425Z] Attempting FCM to: d2V7P6koTt... Type: new_order
[2026-02-24T10:13:49.696Z] FCM Error: Credential implementation provided to initializeApp() via the "credential" property failed to fetch a valid Google OAuth2 access token with the following error: "Error fetching access token: invalid_grant (Invalid JWT Signature.)". There are two likely causes: (1) your server time is not properly synced or (2) your certificate key file has been revoked. To solve (1), re-sync the time on your server. To solve (2), make sure the key ID for your key file is still present at https://console.firebase.google.com/iam-admin/serviceaccounts/project. If not, generate a new key file at https://console.firebase.google.com/project/_/settings/serviceaccounts/adminsdk.

[2026-02-24T10:14:21.223Z] Attempting FCM to: d2V7P6koTt... Type: new_order
[2026-02-24T10:14:21.452Z] FCM Error: Credential implementation provided to initializeApp() via the "credential" property failed to fetch a valid Google OAuth2 access token with the following error: "Error fetching access token: invalid_grant (Invalid JWT Signature.)". There are two likely causes: (1) your server time is not properly synced or (2) your certificate key file has been revoked. To solve (1), re-sync the time on your server. To solve (2), make sure the key ID for your key file is still present at https://console.firebase.google.com/iam-admin/serviceaccounts/project. If not, generate a new key file at https://console.firebase.google.com/project/_/settings/serviceaccounts/adminsdk.

[2026-02-24T10:14:58.547Z] Attempting FCM to: d2V7P6koTt... Type: new_order
[2026-02-24T10:14:58.867Z] FCM Error: Credential implementation provided to initializeApp() via the "credential" property failed to fetch a valid Google OAuth2 access token with the following error: "Error fetching access token: invalid_grant (Invalid JWT Signature.)". There are two likely causes: (1) your server time is not properly synced or (2) your certificate key file has been revoked. To solve (1), re-sync the time on your server. To solve (2), make sure the key ID for your key file is still present at https://console.firebase.google.com/iam-admin/serviceaccounts/project. If not, generate a new key file at https://console.firebase.google.com/project/_/settings/serviceaccounts/adminsdk.

[2026-02-24T10:15:43.018Z] Order 939072: Checking token for vendor 697482171fb0c0d7c5f88bd4: FOUND

[2026-02-24T10:15:43.020Z] Attempting FCM to: d2V7P6koTt... Type: new_order
[2026-02-24T10:15:43.235Z] FCM Error: Credential implementation provided to initializeApp() via the "credential" property failed to fetch a valid Google OAuth2 access token with the following error: "Error fetching access token: invalid_grant (Invalid JWT Signature.)". There are two likely causes: (1) your server time is not properly synced or (2) your certificate key file has been revoked. To solve (1), re-sync the time on your server. To solve (2), make sure the key ID for your key file is still present at https://console.firebase.google.com/iam-admin/serviceaccounts/project. If not, generate a new key file at https://console.firebase.google.com/project/_/settings/serviceaccounts/adminsdk.

[2026-02-24T10:16:17.359Z] Order 867318: Checking token for vendor 697482171fb0c0d7c5f88bd4: FOUND

[2026-02-24T10:16:17.361Z] Attempting FCM to: d2V7P6koTt... Type: new_order
[2026-02-24T10:16:17.723Z] FCM Error: Credential implementation provided to initializeApp() via the "credential" property failed to fetch a valid Google OAuth2 access token with the following error: "Error fetching access token: invalid_grant (Invalid JWT Signature.)". There are two likely causes: (1) your server time is not properly synced or (2) your certificate key file has been revoked. To solve (1), re-sync the time on your server. To solve (2), make sure the key ID for your key file is still present at https://console.firebase.google.com/iam-admin/serviceaccounts/project. If not, generate a new key file at https://console.firebase.google.com/project/_/settings/serviceaccounts/adminsdk.

[2026-02-24T10:22:07.353Z] Order 898248: Checking token for vendor 697482171fb0c0d7c5f88bd4: FOUND

[2026-02-24T10:22:07.360Z] Attempting FCM to: d2V7P6koTt... Type: new_order

[2026-02-24T10:22:07.524Z] Order 273430: Checking token for vendor 697482171fb0c0d7c5f88bd4: FOUND

[2026-02-24T10:22:07.526Z] Attempting FCM to: d2V7P6koTt... Type: new_order
[2026-02-24T10:22:07.609Z] FCM Error: Credential implementation provided to initializeApp() via the "credential" property failed to fetch a valid Google OAuth2 access token with the following error: "Error fetching access token: invalid_grant (Invalid JWT Signature.)". There are two likely causes: (1) your server time is not properly synced or (2) your certificate key file has been revoked. To solve (1), re-sync the time on your server. To solve (2), make sure the key ID for your key file is still present at https://console.firebase.google.com/iam-admin/serviceaccounts/project. If not, generate a new key file at https://console.firebase.google.com/project/_/settings/serviceaccounts/adminsdk.
[2026-02-24T10:22:07.783Z] FCM Error: Credential implementation provided to initializeApp() via the "credential" property failed to fetch a valid Google OAuth2 access token with the following error: "Error fetching access token: invalid_grant (Invalid JWT Signature.)". There are two likely causes: (1) your server time is not properly synced or (2) your certificate key file has been revoked. To solve (1), re-sync the time on your server. To solve (2), make sure the key ID for your key file is still present at https://console.firebase.google.com/iam-admin/serviceaccounts/project. If not, generate a new key file at https://console.firebase.google.com/project/_/settings/serviceaccounts/adminsdk.

[2026-02-24T10:23:00.991Z] Order 961667: Checking token for vendor 697482171fb0c0d7c5f88bd4: FOUND

[2026-02-24T10:23:00.993Z] Attempting FCM to: d2V7P6koTt... Type: new_order
[2026-02-24T10:23:01.299Z] FCM Error: Credential implementation provided to initializeApp() via the "credential" property failed to fetch a valid Google OAuth2 access token with the following error: "Error fetching access token: invalid_grant (Invalid JWT Signature.)". There are two likely causes: (1) your server time is not properly synced or (2) your certificate key file has been revoked. To solve (1), re-sync the time on your server. To solve (2), make sure the key ID for your key file is still present at https://console.firebase.google.com/iam-admin/serviceaccounts/project. If not, generate a new key file at https://console.firebase.google.com/project/_/settings/serviceaccounts/adminsdk.

[2026-02-24T10:29:43.013Z] Order 972823: Checking token for vendor 697482171fb0c0d7c5f88bd4: FOUND

[2026-02-24T10:29:43.016Z] Attempting FCM to: d2V7P6koTt... Type: new_order
[2026-02-24T10:29:43.394Z] FCM Error: Credential implementation provided to initializeApp() via the "credential" property failed to fetch a valid Google OAuth2 access token with the following error: "Error fetching access token: invalid_grant (Invalid JWT Signature.)". There are two likely causes: (1) your server time is not properly synced or (2) your certificate key file has been revoked. To solve (1), re-sync the time on your server. To solve (2), make sure the key ID for your key file is still present at https://console.firebase.google.com/iam-admin/serviceaccounts/project. If not, generate a new key file at https://console.firebase.google.com/project/_/settings/serviceaccounts/adminsdk.

[2026-02-24T10:30:18.284Z] Order 742854: Checking token for vendor 697482171fb0c0d7c5f88bd4: FOUND

[2026-02-24T10:30:18.286Z] Attempting FCM to: d2V7P6koTt... Type: new_order
[2026-02-24T10:30:18.581Z] FCM Error: Credential implementation provided to initializeApp() via the "credential" property failed to fetch a valid Google OAuth2 access token with the following error: "Error fetching access token: invalid_grant (Invalid JWT Signature.)". There are two likely causes: (1) your server time is not properly synced or (2) your certificate key file has been revoked. To solve (1), re-sync the time on your server. To solve (2), make sure the key ID for your key file is still present at https://console.firebase.google.com/iam-admin/serviceaccounts/project. If not, generate a new key file at https://console.firebase.google.com/project/_/settings/serviceaccounts/adminsdk.

[2026-02-24T10:34:09.530Z] Order 774032: Checking token for vendor 697482171fb0c0d7c5f88bd4: FOUND

[2026-02-24T10:34:09.532Z] Attempting FCM to: d2V7P6koTt... Type: new_order
[2026-02-24T10:34:09.880Z] FCM Error: Credential implementation provided to initializeApp() via the "credential" property failed to fetch a valid Google OAuth2 access token with the following error: "Error fetching access token: invalid_grant (Invalid JWT Signature.)". There are two likely causes: (1) your server time is not properly synced or (2) your certificate key file has been revoked. To solve (1), re-sync the time on your server. To solve (2), make sure the key ID for your key file is still present at https://console.firebase.google.com/iam-admin/serviceaccounts/project. If not, generate a new key file at https://console.firebase.google.com/project/_/settings/serviceaccounts/adminsdk.

[2026-02-24T10:41:22.623Z] Order 333508: Checking token for vendor 697482171fb0c0d7c5f88bd4: FOUND

[2026-02-24T10:41:22.627Z] Attempting FCM to: d2V7P6koTt... Type: new_order
[2026-02-24T10:41:22.960Z] FCM Error: Credential implementation provided to initializeApp() via the "credential" property failed to fetch a valid Google OAuth2 access token with the following error: "Error fetching access token: invalid_grant (Invalid JWT Signature.)". There are two likely causes: (1) your server time is not properly synced or (2) your certificate key file has been revoked. To solve (1), re-sync the time on your server. To solve (2), make sure the key ID for your key file is still present at https://console.firebase.google.com/iam-admin/serviceaccounts/project. If not, generate a new key file at https://console.firebase.google.com/project/_/settings/serviceaccounts/adminsdk.

[2026-02-24T10:46:33.830Z] Order 517443: Checking token for vendor 697482171fb0c0d7c5f88bd4: FOUND

[2026-02-24T10:46:33.833Z] Attempting FCM to: d2V7P6koTt... Type: new_order
[2026-02-24T10:46:34.145Z] FCM Error: Credential implementation provided to initializeApp() via the "credential" property failed to fetch a valid Google OAuth2 access token with the following error: "Error fetching access token: invalid_grant (Invalid JWT Signature.)". There are two likely causes: (1) your server time is not properly synced or (2) your certificate key file has been revoked. To solve (1), re-sync the time on your server. To solve (2), make sure the key ID for your key file is still present at https://console.firebase.google.com/iam-admin/serviceaccounts/project. If not, generate a new key file at https://console.firebase.google.com/project/_/settings/serviceaccounts/adminsdk.

[2026-02-24T10:47:14.199Z] Order 426652: Checking token for vendor 697482171fb0c0d7c5f88bd4: FOUND

[2026-02-24T10:47:14.201Z] Attempting FCM to: d2V7P6koTt... Type: new_order
[2026-02-24T10:47:14.532Z] FCM Error: Credential implementation provided to initializeApp() via the "credential" property failed to fetch a valid Google OAuth2 access token with the following error: "Error fetching access token: invalid_grant (Invalid JWT Signature.)". There are two likely causes: (1) your server time is not properly synced or (2) your certificate key file has been revoked. To solve (1), re-sync the time on your server. To solve (2), make sure the key ID for your key file is still present at https://console.firebase.google.com/iam-admin/serviceaccounts/project. If not, generate a new key file at https://console.firebase.google.com/project/_/settings/serviceaccounts/adminsdk.

[2026-02-24T10:52:48.172Z] Order 334747: Checking token for vendor 697482171fb0c0d7c5f88bd4: FOUND

[2026-02-24T10:52:48.175Z] Attempting FCM to: d2V7P6koTt... Type: new_order
[2026-02-24T10:52:48.399Z] FCM Error: Credential implementation provided to initializeApp() via the "credential" property failed to fetch a valid Google OAuth2 access token with the following error: "Error fetching access token: invalid_grant (Invalid JWT Signature.)". There are two likely causes: (1) your server time is not properly synced or (2) your certificate key file has been revoked. To solve (1), re-sync the time on your server. To solve (2), make sure the key ID for your key file is still present at https://console.firebase.google.com/iam-admin/serviceaccounts/project. If not, generate a new key file at https://console.firebase.google.com/project/_/settings/serviceaccounts/adminsdk.

[2026-02-24T10:53:26.288Z] Order 405090: Checking token for vendor 697482171fb0c0d7c5f88bd4: FOUND

[2026-02-24T10:53:26.289Z] Attempting FCM to: d2V7P6koTt... Type: new_order
[2026-02-24T10:53:26.496Z] FCM Error: Credential implementation provided to initializeApp() via the "credential" property failed to fetch a valid Google OAuth2 access token with the following error: "Error fetching access token: invalid_grant (Invalid JWT Signature.)". There are two likely causes: (1) your server time is not properly synced or (2) your certificate key file has been revoked. To solve (1), re-sync the time on your server. To solve (2), make sure the key ID for your key file is still present at https://console.firebase.google.com/iam-admin/serviceaccounts/project. If not, generate a new key file at https://console.firebase.google.com/project/_/settings/serviceaccounts/adminsdk.

[2026-02-24T10:53:50.467Z] Order 783015: Checking token for vendor 697482171fb0c0d7c5f88bd4: FOUND

[2026-02-24T10:53:50.468Z] Attempting FCM to: d2V7P6koTt... Type: new_order
[2026-02-24T10:53:50.686Z] FCM Error: Credential implementation provided to initializeApp() via the "credential" property failed to fetch a valid Google OAuth2 access token with the following error: "Error fetching access token: invalid_grant (Invalid JWT Signature.)". There are two likely causes: (1) your server time is not properly synced or (2) your certificate key file has been revoked. To solve (1), re-sync the time on your server. To solve (2), make sure the key ID for your key file is still present at https://console.firebase.google.com/iam-admin/serviceaccounts/project. If not, generate a new key file at https://console.firebase.google.com/project/_/settings/serviceaccounts/adminsdk.

[2026-02-24T10:54:31.091Z] Order 799822: Checking token for vendor 697482171fb0c0d7c5f88bd4: FOUND

[2026-02-24T10:54:31.093Z] Attempting FCM to: d2V7P6koTt... Type: new_order
[2026-02-24T10:54:31.416Z] FCM Error: Credential implementation provided to initializeApp() via the "credential" property failed to fetch a valid Google OAuth2 access token with the following error: "Error fetching access token: invalid_grant (Invalid JWT Signature.)". There are two likely causes: (1) your server time is not properly synced or (2) your certificate key file has been revoked. To solve (1), re-sync the time on your server. To solve (2), make sure the key ID for your key file is still present at https://console.firebase.google.com/iam-admin/serviceaccounts/project. If not, generate a new key file at https://console.firebase.google.com/project/_/settings/serviceaccounts/adminsdk.

[2026-02-24T10:55:22.521Z] Attempting FCM to: d2V7P6koTt... Type: new_order
[2026-02-24T10:55:22.883Z] FCM Error: Credential implementation provided to initializeApp() via the "credential" property failed to fetch a valid Google OAuth2 access token with the following error: "Error fetching access token: invalid_grant (Invalid JWT Signature.)". There are two likely causes: (1) your server time is not properly synced or (2) your certificate key file has been revoked. To solve (1), re-sync the time on your server. To solve (2), make sure the key ID for your key file is still present at https://console.firebase.google.com/iam-admin/serviceaccounts/project. If not, generate a new key file at https://console.firebase.google.com/project/_/settings/serviceaccounts/adminsdk.

[2026-02-24T10:56:20.549Z] Attempting FCM to: d2V7P6koTt... Type: new_order
[2026-02-24T10:56:20.801Z] FCM Error: Credential implementation provided to initializeApp() via the "credential" property failed to fetch a valid Google OAuth2 access token with the following error: "Error fetching access token: invalid_grant (Invalid JWT Signature.)". There are two likely causes: (1) your server time is not properly synced or (2) your certificate key file has been revoked. To solve (1), re-sync the time on your server. To solve (2), make sure the key ID for your key file is still present at https://console.firebase.google.com/iam-admin/serviceaccounts/project. If not, generate a new key file at https://console.firebase.google.com/project/_/settings/serviceaccounts/adminsdk.

[2026-02-24T10:56:42.990Z] Attempting FCM to: d2V7P6koTt... Type: new_order
[2026-02-24T10:56:43.251Z] FCM Error: Credential implementation provided to initializeApp() via the "credential" property failed to fetch a valid Google OAuth2 access token with the following error: "Error fetching access token: invalid_grant (Invalid JWT Signature.)". There are two likely causes: (1) your server time is not properly synced or (2) your certificate key file has been revoked. To solve (1), re-sync the time on your server. To solve (2), make sure the key ID for your key file is still present at https://console.firebase.google.com/iam-admin/serviceaccounts/project. If not, generate a new key file at https://console.firebase.google.com/project/_/settings/serviceaccounts/adminsdk.

[2026-02-24T10:57:10.716Z] Attempting FCM to: d2V7P6koTt... Type: new_order
[2026-02-24T10:57:10.982Z] FCM Error: Credential implementation provided to initializeApp() via the "credential" property failed to fetch a valid Google OAuth2 access token with the following error: "Error fetching access token: invalid_grant (Invalid JWT Signature.)". There are two likely causes: (1) your server time is not properly synced or (2) your certificate key file has been revoked. To solve (1), re-sync the time on your server. To solve (2), make sure the key ID for your key file is still present at https://console.firebase.google.com/iam-admin/serviceaccounts/project. If not, generate a new key file at https://console.firebase.google.com/project/_/settings/serviceaccounts/adminsdk.

[2026-02-24T10:57:50.844Z] Order 359475: Checking token for vendor 697482171fb0c0d7c5f88bd4: FOUND

[2026-02-24T10:57:50.845Z] Attempting FCM to: d2V7P6koTt... Type: new_order
[2026-02-24T10:57:51.148Z] FCM Error: Credential implementation provided to initializeApp() via the "credential" property failed to fetch a valid Google OAuth2 access token with the following error: "Error fetching access token: invalid_grant (Invalid JWT Signature.)". There are two likely causes: (1) your server time is not properly synced or (2) your certificate key file has been revoked. To solve (1), re-sync the time on your server. To solve (2), make sure the key ID for your key file is still present at https://console.firebase.google.com/iam-admin/serviceaccounts/project. If not, generate a new key file at https://console.firebase.google.com/project/_/settings/serviceaccounts/adminsdk.

[2026-02-24T11:02:22.357Z] Order 758313: Checking token for vendor 697482171fb0c0d7c5f88bd4: FOUND

[2026-02-24T11:02:22.359Z] Attempting FCM to: d2V7P6koTt... Type: new_order
[2026-02-24T11:02:22.739Z] FCM Error: Credential implementation provided to initializeApp() via the "credential" property failed to fetch a valid Google OAuth2 access token with the following error: "Error fetching access token: invalid_grant (Invalid JWT Signature.)". There are two likely causes: (1) your server time is not properly synced or (2) your certificate key file has been revoked. To solve (1), re-sync the time on your server. To solve (2), make sure the key ID for your key file is still present at https://console.firebase.google.com/iam-admin/serviceaccounts/project. If not, generate a new key file at https://console.firebase.google.com/project/_/settings/serviceaccounts/adminsdk.

[2026-02-24T11:03:06.730Z] Order 378741: Checking token for vendor 697482171fb0c0d7c5f88bd4: FOUND

[2026-02-24T11:03:06.731Z] Attempting FCM to: d2V7P6koTt... Type: new_order
[2026-02-24T11:03:06.954Z] FCM Error: Credential implementation provided to initializeApp() via the "credential" property failed to fetch a valid Google OAuth2 access token with the following error: "Error fetching access token: invalid_grant (Invalid JWT Signature.)". There are two likely causes: (1) your server time is not properly synced or (2) your certificate key file has been revoked. To solve (1), re-sync the time on your server. To solve (2), make sure the key ID for your key file is still present at https://console.firebase.google.com/iam-admin/serviceaccounts/project. If not, generate a new key file at https://console.firebase.google.com/project/_/settings/serviceaccounts/adminsdk.

[2026-02-24T11:03:54.659Z] Order 670005: Checking token for vendor 697482171fb0c0d7c5f88bd4: FOUND

[2026-02-24T11:03:54.660Z] Attempting FCM to: d2V7P6koTt... Type: new_order
[2026-02-24T11:03:54.900Z] FCM Error: Credential implementation provided to initializeApp() via the "credential" property failed to fetch a valid Google OAuth2 access token with the following error: "Error fetching access token: invalid_grant (Invalid JWT Signature.)". There are two likely causes: (1) your server time is not properly synced or (2) your certificate key file has been revoked. To solve (1), re-sync the time on your server. To solve (2), make sure the key ID for your key file is still present at https://console.firebase.google.com/iam-admin/serviceaccounts/project. If not, generate a new key file at https://console.firebase.google.com/project/_/settings/serviceaccounts/adminsdk.

[2026-02-24T11:08:53.440Z] Order 949542: Checking token for vendor 697482171fb0c0d7c5f88bd4: FOUND

[2026-02-24T11:08:53.442Z] Attempting FCM to: d2V7P6koTt... Type: new_order
[2026-02-24T11:08:53.822Z] FCM Error: Credential implementation provided to initializeApp() via the "credential" property failed to fetch a valid Google OAuth2 access token with the following error: "Error fetching access token: invalid_grant (Invalid JWT Signature.)". There are two likely causes: (1) your server time is not properly synced or (2) your certificate key file has been revoked. To solve (1), re-sync the time on your server. To solve (2), make sure the key ID for your key file is still present at https://console.firebase.google.com/iam-admin/serviceaccounts/project. If not, generate a new key file at https://console.firebase.google.com/project/_/settings/serviceaccounts/adminsdk.

[2026-02-24T11:09:37.243Z] Order 664933: Checking token for vendor 697482171fb0c0d7c5f88bd4: FOUND

[2026-02-24T11:09:37.245Z] Attempting FCM to: d2V7P6koTt... Type: new_order
[2026-02-24T11:09:37.467Z] FCM Error: Credential implementation provided to initializeApp() via the "credential" property failed to fetch a valid Google OAuth2 access token with the following error: "Error fetching access token: invalid_grant (Invalid JWT Signature.)". There are two likely causes: (1) your server time is not properly synced or (2) your certificate key file has been revoked. To solve (1), re-sync the time on your server. To solve (2), make sure the key ID for your key file is still present at https://console.firebase.google.com/iam-admin/serviceaccounts/project. If not, generate a new key file at https://console.firebase.google.com/project/_/settings/serviceaccounts/adminsdk.

[2026-02-24T11:10:16.296Z] Order 297439: Checking token for vendor 697482171fb0c0d7c5f88bd4: FOUND

[2026-02-24T11:10:16.298Z] Attempting FCM to: d2V7P6koTt... Type: new_order
[2026-02-24T11:10:16.568Z] FCM Error: Credential implementation provided to initializeApp() via the "credential" property failed to fetch a valid Google OAuth2 access token with the following error: "Error fetching access token: invalid_grant (Invalid JWT Signature.)". There are two likely causes: (1) your server time is not properly synced or (2) your certificate key file has been revoked. To solve (1), re-sync the time on your server. To solve (2), make sure the key ID for your key file is still present at https://console.firebase.google.com/iam-admin/serviceaccounts/project. If not, generate a new key file at https://console.firebase.google.com/project/_/settings/serviceaccounts/adminsdk.

[2026-02-24T11:11:45.940Z] Order 754920: Checking token for vendor 697482171fb0c0d7c5f88bd4: FOUND

[2026-02-24T11:11:45.942Z] Attempting FCM to: d2V7P6koTt... Type: new_order
[2026-02-24T11:11:46.280Z] FCM Error: Credential implementation provided to initializeApp() via the "credential" property failed to fetch a valid Google OAuth2 access token with the following error: "Error fetching access token: invalid_grant (Invalid JWT Signature.)". There are two likely causes: (1) your server time is not properly synced or (2) your certificate key file has been revoked. To solve (1), re-sync the time on your server. To solve (2), make sure the key ID for your key file is still present at https://console.firebase.google.com/iam-admin/serviceaccounts/project. If not, generate a new key file at https://console.firebase.google.com/project/_/settings/serviceaccounts/adminsdk.

[2026-02-24T12:51:27.664Z] Initializing Firebase Admin via path: C:\Users\raja\Desktop\sevabazar\sevaBazar_Backend\firebaseConfig.json
[2026-02-24T12:51:27.746Z] Firebase Admin Initialized Successfully.

[2026-02-24T12:54:00.780Z] Order 652365: Checking token for vendor 697482171fb0c0d7c5f88bd4: FOUND

[2026-02-24T12:54:00.782Z] Attempting FCM to: d2V7P6koTt... Type: new_order
[2026-02-24T12:54:01.159Z] FCM Error: Credential implementation provided to initializeApp() via the "credential" property failed to fetch a valid Google OAuth2 access token with the following error: "Error fetching access token: invalid_grant (Invalid JWT Signature.)". There are two likely causes: (1) your server time is not properly synced or (2) your certificate key file has been revoked. To solve (1), re-sync the time on your server. To solve (2), make sure the key ID for your key file is still present at https://console.firebase.google.com/iam-admin/serviceaccounts/project. If not, generate a new key file at https://console.firebase.google.com/project/_/settings/serviceaccounts/adminsdk.

[2026-02-24T13:00:52.929Z] Order 990205: Checking token for vendor 697482171fb0c0d7c5f88bd4: FOUND

[2026-02-24T13:00:52.932Z] Attempting FCM to: d2V7P6koTt... Type: new_order
[2026-02-24T13:00:53.193Z] FCM Error: Credential implementation provided to initializeApp() via the "credential" property failed to fetch a valid Google OAuth2 access token with the following error: "Error fetching access token: invalid_grant (Invalid JWT Signature.)". There are two likely causes: (1) your server time is not properly synced or (2) your certificate key file has been revoked. To solve (1), re-sync the time on your server. To solve (2), make sure the key ID for your key file is still present at https://console.firebase.google.com/iam-admin/serviceaccounts/project. If not, generate a new key file at https://console.firebase.google.com/project/_/settings/serviceaccounts/adminsdk.

[2026-02-24T13:01:33.031Z] Order 408705: Checking token for vendor 697482171fb0c0d7c5f88bd4: FOUND

[2026-02-24T13:01:33.033Z] Attempting FCM to: d2V7P6koTt... Type: new_order
[2026-02-24T13:01:33.273Z] FCM Error: Credential implementation provided to initializeApp() via the "credential" property failed to fetch a valid Google OAuth2 access token with the following error: "Error fetching access token: invalid_grant (Invalid JWT Signature.)". There are two likely causes: (1) your server time is not properly synced or (2) your certificate key file has been revoked. To solve (1), re-sync the time on your server. To solve (2), make sure the key ID for your key file is still present at https://console.firebase.google.com/iam-admin/serviceaccounts/project. If not, generate a new key file at https://console.firebase.google.com/project/_/settings/serviceaccounts/adminsdk.

[2026-02-24T13:02:08.459Z] Order 954048: Checking token for vendor 697482171fb0c0d7c5f88bd4: FOUND

[2026-02-24T13:02:08.461Z] Attempting FCM to: d2V7P6koTt... Type: new_order
[2026-02-24T13:02:08.806Z] FCM Error: Credential implementation provided to initializeApp() via the "credential" property failed to fetch a valid Google OAuth2 access token with the following error: "Error fetching access token: invalid_grant (Invalid JWT Signature.)". There are two likely causes: (1) your server time is not properly synced or (2) your certificate key file has been revoked. To solve (1), re-sync the time on your server. To solve (2), make sure the key ID for your key file is still present at https://console.firebase.google.com/iam-admin/serviceaccounts/project. If not, generate a new key file at https://console.firebase.google.com/project/_/settings/serviceaccounts/adminsdk.

[2026-02-24T13:02:50.649Z] Attempting FCM to: d2V7P6koTt... Type: new_order
[2026-02-24T13:02:50.898Z] FCM Error: Credential implementation provided to initializeApp() via the "credential" property failed to fetch a valid Google OAuth2 access token with the following error: "Error fetching access token: invalid_grant (Invalid JWT Signature.)". There are two likely causes: (1) your server time is not properly synced or (2) your certificate key file has been revoked. To solve (1), re-sync the time on your server. To solve (2), make sure the key ID for your key file is still present at https://console.firebase.google.com/iam-admin/serviceaccounts/project. If not, generate a new key file at https://console.firebase.google.com/project/_/settings/serviceaccounts/adminsdk.

[2026-02-24T13:03:23.781Z] Attempting FCM to: d2V7P6koTt... Type: new_order
[2026-02-24T13:03:23.997Z] FCM Error: Credential implementation provided to initializeApp() via the "credential" property failed to fetch a valid Google OAuth2 access token with the following error: "Error fetching access token: invalid_grant (Invalid JWT Signature.)". There are two likely causes: (1) your server time is not properly synced or (2) your certificate key file has been revoked. To solve (1), re-sync the time on your server. To solve (2), make sure the key ID for your key file is still present at https://console.firebase.google.com/iam-admin/serviceaccounts/project. If not, generate a new key file at https://console.firebase.google.com/project/_/settings/serviceaccounts/adminsdk.

[2026-02-24T13:04:16.642Z] Attempting FCM to: d2V7P6koTt... Type: new_order
[2026-02-24T13:04:16.869Z] FCM Error: Credential implementation provided to initializeApp() via the "credential" property failed to fetch a valid Google OAuth2 access token with the following error: "Error fetching access token: invalid_grant (Invalid JWT Signature.)". There are two likely causes: (1) your server time is not properly synced or (2) your certificate key file has been revoked. To solve (1), re-sync the time on your server. To solve (2), make sure the key ID for your key file is still present at https://console.firebase.google.com/iam-admin/serviceaccounts/project. If not, generate a new key file at https://console.firebase.google.com/project/_/settings/serviceaccounts/adminsdk.

[2026-02-24T13:06:12.641Z] Attempting FCM to: d2V7P6koTt... Type: new_order
[2026-02-24T13:06:12.985Z] FCM Error: Credential implementation provided to initializeApp() via the "credential" property failed to fetch a valid Google OAuth2 access token with the following error: "Error fetching access token: invalid_grant (Invalid JWT Signature.)". There are two likely causes: (1) your server time is not properly synced or (2) your certificate key file has been revoked. To solve (1), re-sync the time on your server. To solve (2), make sure the key ID for your key file is still present at https://console.firebase.google.com/iam-admin/serviceaccounts/project. If not, generate a new key file at https://console.firebase.google.com/project/_/settings/serviceaccounts/adminsdk.

[2026-02-24T13:06:44.747Z] Attempting FCM to: d2V7P6koTt... Type: new_order
[2026-02-24T13:06:45.053Z] FCM Error: Credential implementation provided to initializeApp() via the "credential" property failed to fetch a valid Google OAuth2 access token with the following error: "Error fetching access token: invalid_grant (Invalid JWT Signature.)". There are two likely causes: (1) your server time is not properly synced or (2) your certificate key file has been revoked. To solve (1), re-sync the time on your server. To solve (2), make sure the key ID for your key file is still present at https://console.firebase.google.com/iam-admin/serviceaccounts/project. If not, generate a new key file at https://console.firebase.google.com/project/_/settings/serviceaccounts/adminsdk.

[2026-02-25T06:15:45.685Z] Initializing Firebase Admin via path: C:\Users\raja\Desktop\sevabazar\sevaBazar_Backend\firebaseConfig.json
[2026-02-25T06:15:45.767Z] Firebase Admin Initialized Successfully.

[2026-02-25T06:58:15.199Z] Initializing Firebase Admin via path: C:\Users\raja\Desktop\sevabazar\sevaBazar_Backend\firebaseConfig.json
[2026-02-25T06:58:15.294Z] Firebase Admin Initialized Successfully.

[2026-02-25T07:03:31.515Z] Initializing Firebase Admin via path: C:\Users\raja\Desktop\sevabazar\sevaBazar_Backend\firebaseConfig.json
[2026-02-25T07:03:31.591Z] Firebase Admin Initialized Successfully.

[2026-02-25T07:15:03.665Z] Initializing Firebase Admin via path: C:\Users\raja\Desktop\sevabazar\sevaBazar_Backend\firebaseConfig.json
[2026-02-25T07:15:03.778Z] Firebase Admin Initialized Successfully.

[2026-02-25T07:15:55.552Z] Initializing Firebase Admin via path: C:\Users\raja\Desktop\sevabazar\sevaBazar_Backend\firebaseConfig.json
[2026-02-25T07:15:55.645Z] Firebase Admin Initialized Successfully.

[2026-02-25T07:38:36.908Z] Initializing Firebase Admin via path: C:\Users\raja\Desktop\sevabazar\sevaBazar_Backend\firebaseConfig.json
[2026-02-25T07:38:37.073Z] Firebase Admin Initialized Successfully.

[2026-02-25T07:42:12.868Z] Initializing Firebase Admin via path: C:\Users\raja\Desktop\sevabazar\sevaBazar_Backend\firebaseConfig.json
[2026-02-25T07:42:12.954Z] Firebase Admin Initialized Successfully.

[2026-02-25T07:43:39.266Z] Initializing Firebase Admin via path: C:\Users\raja\Desktop\sevabazar\sevaBazar_Backend\firebaseConfig.json
[2026-02-25T07:43:39.378Z] Firebase Admin Initialized Successfully.

[2026-02-25T07:43:51.302Z] Initializing Firebase Admin via path: C:\Users\raja\Desktop\sevabazar\sevaBazar_Backend\firebaseConfig.json
[2026-02-25T07:43:51.410Z] Firebase Admin Initialized Successfully.

[2026-02-25T07:46:41.230Z] Initializing Firebase Admin via path: C:\Users\raja\Desktop\sevabazar\sevaBazar_Backend\firebaseConfig.json
[2026-02-25T07:46:41.316Z] Firebase Admin Initialized Successfully.

[2026-02-25T07:49:47.745Z] Initializing Firebase Admin via path: C:\Users\raja\Desktop\sevabazar\sevaBazar_Backend\firebaseConfig.json
[2026-02-25T07:49:47.827Z] Firebase Admin Initialized Successfully.

[2026-02-25T07:50:06.290Z] Initializing Firebase Admin via path: C:\Users\raja\Desktop\sevabazar\sevaBazar_Backend\firebaseConfig.json
[2026-02-25T07:50:06.339Z] Firebase Admin Initialized Successfully.

[2026-02-25T07:50:21.254Z] Initializing Firebase Admin via path: C:\Users\raja\Desktop\sevabazar\sevaBazar_Backend\firebaseConfig.json
[2026-02-25T07:50:21.326Z] Firebase Admin Initialized Successfully.

[2026-02-25T07:51:58.784Z] Initializing Firebase Admin via path: C:\Users\raja\Desktop\sevabazar\sevaBazar_Backend\firebaseConfig.json
[2026-02-25T07:51:58.858Z] Firebase Admin Initialized Successfully.

[2026-02-25T07:58:22.572Z] Initializing Firebase Admin via path: C:\Users\raja\Desktop\sevabazar\sevaBazar_Backend\firebaseConfig.json
[2026-02-25T07:58:22.649Z] Firebase Admin Initialized Successfully.

[2026-02-25T08:00:07.995Z] Initializing Firebase Admin via path: C:\Users\raja\Desktop\sevabazar\sevaBazar_Backend\firebaseConfig.json
[2026-02-25T08:00:08.087Z] Firebase Admin Initialized Successfully.

[2026-02-25T08:00:43.195Z] Initializing Firebase Admin via path: C:\Users\raja\Desktop\sevabazar\sevaBazar_Backend\firebaseConfig.json
[2026-02-25T08:00:43.260Z] Firebase Admin Initialized Successfully.

[2026-02-25T08:01:32.103Z] Initializing Firebase Admin via path: C:\Users\raja\Desktop\sevabazar\sevaBazar_Backend\firebaseConfig.json
[2026-02-25T08:01:32.224Z] Firebase Admin Initialized Successfully.

[2026-02-25T08:34:42.114Z] Initializing Firebase Admin via path: C:\Users\raja\Desktop\sevabazar\sevaBazar_Backend\firebaseConfig.json
[2026-02-25T08:34:42.250Z] Firebase Admin Initialized Successfully.

[2026-02-25T08:41:43.849Z] Initializing Firebase Admin via path: C:\Users\raja\Desktop\sevabazar\sevaBazar_Backend\firebaseConfig.json
[2026-02-25T08:41:43.952Z] Firebase Admin Initialized Successfully.

[2026-02-25T08:42:12.825Z] Initializing Firebase Admin via path: C:\Users\raja\Desktop\sevabazar\sevaBazar_Backend\firebaseConfig.json
[2026-02-25T08:42:12.899Z] Firebase Admin Initialized Successfully.

[2026-02-25T08:42:51.111Z] Initializing Firebase Admin via path: C:\Users\raja\Desktop\sevabazar\sevaBazar_Backend\firebaseConfig.json
[2026-02-25T08:42:51.207Z] Firebase Admin Initialized Successfully.

[2026-02-25T08:44:54.021Z] Initializing Firebase Admin via path: C:\Users\raja\Desktop\sevabazar\sevaBazar_Backend\firebaseConfig.json
[2026-02-25T08:44:54.081Z] Firebase Admin Initialized Successfully.

[2026-02-25T08:46:42.462Z] Attempting FCM to: c7CG5EfiT_... Type: new_order
[2026-02-25T08:46:42.734Z] FCM Error: Credential implementation provided to initializeApp() via the "credential" property failed to fetch a valid Google OAuth2 access token with the following error: "Error fetching access token: invalid_grant (Invalid JWT Signature.)". There are two likely causes: (1) your server time is not properly synced or (2) your certificate key file has been revoked. To solve (1), re-sync the time on your server. To solve (2), make sure the key ID for your key file is still present at https://console.firebase.google.com/iam-admin/serviceaccounts/project. If not, generate a new key file at https://console.firebase.google.com/project/_/settings/serviceaccounts/adminsdk.

[2026-02-25T08:46:45.869Z] Attempting FCM to: c7CG5EfiT_... Type: new_order
[2026-02-25T08:46:46.008Z] FCM Error: Credential implementation provided to initializeApp() via the "credential" property failed to fetch a valid Google OAuth2 access token with the following error: "Error fetching access token: invalid_grant (Invalid JWT Signature.)". There are two likely causes: (1) your server time is not properly synced or (2) your certificate key file has been revoked. To solve (1), re-sync the time on your server. To solve (2), make sure the key ID for your key file is still present at https://console.firebase.google.com/iam-admin/serviceaccounts/project. If not, generate a new key file at https://console.firebase.google.com/project/_/settings/serviceaccounts/adminsdk.

[2026-02-25T08:49:28.692Z] Attempting FCM to: c7CG5EfiT_... Type: new_order
[2026-02-25T08:49:28.899Z] FCM Error: Credential implementation provided to initializeApp() via the "credential" property failed to fetch a valid Google OAuth2 access token with the following error: "Error fetching access token: invalid_grant (Invalid JWT Signature.)". There are two likely causes: (1) your server time is not properly synced or (2) your certificate key file has been revoked. To solve (1), re-sync the time on your server. To solve (2), make sure the key ID for your key file is still present at https://console.firebase.google.com/iam-admin/serviceaccounts/project. If not, generate a new key file at https://console.firebase.google.com/project/_/settings/serviceaccounts/adminsdk.

[2026-02-25T08:49:31.946Z] Attempting FCM to: c7CG5EfiT_... Type: new_order
[2026-02-25T08:49:32.130Z] FCM Error: Credential implementation provided to initializeApp() via the "credential" property failed to fetch a valid Google OAuth2 access token with the following error: "Error fetching access token: invalid_grant (Invalid JWT Signature.)". There are two likely causes: (1) your server time is not properly synced or (2) your certificate key file has been revoked. To solve (1), re-sync the time on your server. To solve (2), make sure the key ID for your key file is still present at https://console.firebase.google.com/iam-admin/serviceaccounts/project. If not, generate a new key file at https://console.firebase.google.com/project/_/settings/serviceaccounts/adminsdk.

[2026-02-25T09:02:37.202Z] Initializing Firebase Admin via path: C:\Users\raja\Desktop\sevabazar\sevaBazar_Backend\firebaseConfig.json
[2026-02-25T09:02:37.277Z] Firebase Admin Initialized Successfully.

[2026-02-25T09:04:30.585Z] Initializing Firebase Admin via path: C:\Users\raja\Desktop\sevabazar\sevaBazar_Backend\firebaseConfig.json
[2026-02-25T09:04:30.653Z] Firebase Admin Initialized Successfully.

[2026-02-25T09:48:26.528Z] Attempting FCM to: c7CG5EfiT_... Type: new_order
[2026-02-25T09:48:26.910Z] FCM Error: Credential implementation provided to initializeApp() via the "credential" property failed to fetch a valid Google OAuth2 access token with the following error: "Error fetching access token: invalid_grant (Invalid JWT Signature.)". There are two likely causes: (1) your server time is not properly synced or (2) your certificate key file has been revoked. To solve (1), re-sync the time on your server. To solve (2), make sure the key ID for your key file is still present at https://console.firebase.google.com/iam-admin/serviceaccounts/project. If not, generate a new key file at https://console.firebase.google.com/project/_/settings/serviceaccounts/adminsdk.

[2026-02-25T09:48:29.763Z] Attempting FCM to: c7CG5EfiT_... Type: new_order
[2026-02-25T09:48:29.940Z] FCM Error: Credential implementation provided to initializeApp() via the "credential" property failed to fetch a valid Google OAuth2 access token with the following error: "Error fetching access token: invalid_grant (Invalid JWT Signature.)". There are two likely causes: (1) your server time is not properly synced or (2) your certificate key file has been revoked. To solve (1), re-sync the time on your server. To solve (2), make sure the key ID for your key file is still present at https://console.firebase.google.com/iam-admin/serviceaccounts/project. If not, generate a new key file at https://console.firebase.google.com/project/_/settings/serviceaccounts/adminsdk.

[2026-02-25T09:57:28.991Z] Attempting FCM to: c7CG5EfiT_... Type: new_order
[2026-02-25T09:57:29.364Z] FCM Error: Credential implementation provided to initializeApp() via the "credential" property failed to fetch a valid Google OAuth2 access token with the following error: "Error fetching access token: invalid_grant (Invalid JWT Signature.)". There are two likely causes: (1) your server time is not properly synced or (2) your certificate key file has been revoked. To solve (1), re-sync the time on your server. To solve (2), make sure the key ID for your key file is still present at https://console.firebase.google.com/iam-admin/serviceaccounts/project. If not, generate a new key file at https://console.firebase.google.com/project/_/settings/serviceaccounts/adminsdk.

[2026-02-25T09:57:34.488Z] Attempting FCM to: c7CG5EfiT_... Type: new_order
[2026-02-25T09:57:34.687Z] FCM Error: Credential implementation provided to initializeApp() via the "credential" property failed to fetch a valid Google OAuth2 access token with the following error: "Error fetching access token: invalid_grant (Invalid JWT Signature.)". There are two likely causes: (1) your server time is not properly synced or (2) your certificate key file has been revoked. To solve (1), re-sync the time on your server. To solve (2), make sure the key ID for your key file is still present at https://console.firebase.google.com/iam-admin/serviceaccounts/project. If not, generate a new key file at https://console.firebase.google.com/project/_/settings/serviceaccounts/adminsdk.

[2026-02-25T10:03:37.233Z] Initializing Firebase Admin via path: C:\Users\raja\Desktop\sevabazar\sevaBazar_Backend\firebaseConfig.json
[2026-02-25T10:03:37.334Z] Firebase Admin Initialized Successfully.

[2026-02-25T10:15:14.973Z] Attempting FCM to: c7CG5EfiT_... Type: new_order
[2026-02-25T10:15:15.302Z] FCM Error: Credential implementation provided to initializeApp() via the "credential" property failed to fetch a valid Google OAuth2 access token with the following error: "Error fetching access token: invalid_grant (Invalid JWT Signature.)". There are two likely causes: (1) your server time is not properly synced or (2) your certificate key file has been revoked. To solve (1), re-sync the time on your server. To solve (2), make sure the key ID for your key file is still present at https://console.firebase.google.com/iam-admin/serviceaccounts/project. If not, generate a new key file at https://console.firebase.google.com/project/_/settings/serviceaccounts/adminsdk.

[2026-02-25T10:15:18.091Z] Attempting FCM to: c7CG5EfiT_... Type: new_order
[2026-02-25T10:15:18.311Z] FCM Error: Credential implementation provided to initializeApp() via the "credential" property failed to fetch a valid Google OAuth2 access token with the following error: "Error fetching access token: invalid_grant (Invalid JWT Signature.)". There are two likely causes: (1) your server time is not properly synced or (2) your certificate key file has been revoked. To solve (1), re-sync the time on your server. To solve (2), make sure the key ID for your key file is still present at https://console.firebase.google.com/iam-admin/serviceaccounts/project. If not, generate a new key file at https://console.firebase.google.com/project/_/settings/serviceaccounts/adminsdk.

[2026-02-25T10:22:36.268Z] Initializing Firebase Admin via path: C:\Users\raja\Desktop\sevabazar\sevaBazar_Backend\firebaseConfig.json
[2026-02-25T10:22:36.351Z] Firebase Admin Initialized Successfully.

[2026-02-25T10:33:29.729Z] Initializing Firebase Admin via path: C:\Users\raja\Desktop\sevabazar\sevaBazar_Backend\firebaseConfig.json
[2026-02-25T10:33:29.830Z] Firebase Admin Initialized Successfully.

[2026-02-25T10:40:17.732Z] Initializing Firebase Admin via path: C:\Users\raja\Desktop\sevabazar\sevaBazar_Backend\firebaseConfig.json
[2026-02-25T10:40:17.828Z] Firebase Admin Initialized Successfully.

[2026-02-25T11:05:01.238Z] Initializing Firebase Admin via path: C:\Users\raja\Desktop\sevabazar\sevaBazar_Backend\firebaseConfig.json
[2026-02-25T11:05:01.338Z] Firebase Admin Initialized Successfully.

[2026-02-25T11:05:50.312Z] Initializing Firebase Admin via path: C:\Users\raja\Desktop\sevabazar\sevaBazar_Backend\firebaseConfig.json
[2026-02-25T11:05:50.383Z] Firebase Admin Initialized Successfully.

[2026-02-25T11:08:11.977Z] Initializing Firebase Admin via path: C:\Users\raja\Desktop\sevabazar\sevaBazar_Backend\firebaseConfig.json
[2026-02-25T11:08:12.051Z] Firebase Admin Initialized Successfully.

[2026-02-25T11:08:35.715Z] Initializing Firebase Admin via path: C:\Users\raja\Desktop\sevabazar\sevaBazar_Backend\firebaseConfig.json
[2026-02-25T11:08:35.766Z] Firebase Admin Initialized Successfully.

[2026-02-27T11:17:04.099Z] Initializing Firebase Admin via path: C:\Users\raja\Desktop\sevabazar\sevaBazar_Backend\firebaseConfig.json
[2026-02-27T11:17:04.169Z] Firebase Admin Initialized Successfully.

[2026-02-27T11:51:57.707Z] Initializing Firebase Admin via path: C:\Users\raja\Desktop\sevabazar\sevaBazar_Backend\firebaseConfig.json
[2026-02-27T11:51:57.805Z] Firebase Admin Initialized Successfully.

[2026-02-27T11:52:17.639Z] Initializing Firebase Admin via path: C:\Users\raja\Desktop\sevabazar\sevaBazar_Backend\firebaseConfig.json
[2026-02-27T11:52:17.684Z] Firebase Admin Initialized Successfully.

[2026-02-27T11:52:48.297Z] Initializing Firebase Admin via path: C:\Users\raja\Desktop\sevabazar\sevaBazar_Backend\firebaseConfig.json
[2026-02-27T11:52:48.337Z] Firebase Admin Initialized Successfully.

[2026-02-27T11:57:20.069Z] Initializing Firebase Admin via path: C:\Users\raja\Desktop\sevabazar\sevaBazar_Backend\firebaseConfig.json
[2026-02-27T11:57:20.110Z] Firebase Admin Initialized Successfully.

[2026-02-27T12:02:40.731Z] Initializing Firebase Admin via path: C:\Users\raja\Desktop\sevabazar\sevaBazar_Backend\firebaseConfig.json
[2026-02-27T12:02:40.772Z] Firebase Admin Initialized Successfully.

[2026-02-27T12:05:58.079Z] Initializing Firebase Admin via path: C:\Users\raja\Desktop\sevabazar\sevaBazar_Backend\firebaseConfig.json
[2026-02-27T12:05:58.117Z] Firebase Admin Initialized Successfully.

[2026-02-27T12:06:15.287Z] Initializing Firebase Admin via path: C:\Users\raja\Desktop\sevabazar\sevaBazar_Backend\firebaseConfig.json
[2026-02-27T12:06:15.323Z] Firebase Admin Initialized Successfully.

[2026-02-27T12:06:30.566Z] Initializing Firebase Admin via path: C:\Users\raja\Desktop\sevabazar\sevaBazar_Backend\firebaseConfig.json
[2026-02-27T12:06:30.603Z] Firebase Admin Initialized Successfully.

[2026-02-27T14:15:15.356Z] Initializing Firebase Admin via path: C:\Users\raja\Desktop\sevabazar\sevaBazar_Backend\firebaseConfig.json
[2026-02-27T14:15:15.464Z] Firebase Admin Initialized Successfully.

[2026-02-27T14:15:57.277Z] Initializing Firebase Admin via path: C:\Users\raja\Desktop\sevabazar\sevaBazar_Backend\firebaseConfig.json
[2026-02-27T14:15:57.320Z] Firebase Admin Initialized Successfully.

[2026-02-27T14:15:59.273Z] Initializing Firebase Admin via path: C:\Users\raja\Desktop\sevabazar\sevaBazar_Backend\firebaseConfig.json
[2026-02-27T14:15:59.312Z] Firebase Admin Initialized Successfully.

[2026-02-27T14:31:30.312Z] Initializing Firebase Admin via path: C:\Users\raja\Desktop\sevabazar\sevaBazar_Backend\firebaseConfig.json

[2026-02-27T14:31:31.517Z] Initializing Firebase Admin via path: C:\Users\raja\Desktop\sevabazar\sevaBazar_Backend\firebaseConfig.json
[2026-02-27T14:31:31.559Z] Firebase Admin Initialized Successfully.

[2026-02-27T14:31:48.713Z] Initializing Firebase Admin via path: C:\Users\raja\Desktop\sevabazar\sevaBazar_Backend\firebaseConfig.json
[2026-02-27T14:31:48.750Z] Firebase Admin Initialized Successfully.

[2026-02-27T14:31:50.849Z] Initializing Firebase Admin via path: C:\Users\raja\Desktop\sevabazar\sevaBazar_Backend\firebaseConfig.json
[2026-02-27T14:31:50.885Z] Firebase Admin Initialized Successfully.

[2026-02-27T15:34:03.587Z] Initializing Firebase Admin via path: C:\Users\raja\Desktop\sevabazar\sevaBazar_Backend\firebaseConfig.json
[2026-02-27T15:34:03.666Z] Firebase Admin Initialized Successfully.

[2026-02-27T15:34:18.386Z] Initializing Firebase Admin via path: C:\Users\raja\Desktop\sevabazar\sevaBazar_Backend\firebaseConfig.json
[2026-02-27T15:34:18.422Z] Firebase Admin Initialized Successfully.

[2026-02-27T15:43:13.665Z] Initializing Firebase Admin via path: C:\Users\raja\Desktop\sevabazar\sevaBazar_Backend\firebaseConfig.json
[2026-02-27T15:43:13.739Z] Firebase Admin Initialized Successfully.

[2026-02-28T05:19:48.452Z] Initializing Firebase Admin via path: C:\Users\raja\Desktop\sevabazar\sevaBazar_Backend\firebaseConfig.json
[2026-02-28T05:19:48.516Z] Firebase Admin Initialized Successfully.

[2026-02-28T07:13:11.693Z] Order 173062: Checking token for vendor 697482171fb0c0d7c5f88bd4: FOUND

[2026-02-28T07:13:11.699Z] Attempting FCM to: cLr1bPMORH... Type: new_order
[2026-02-28T07:13:12.020Z] FCM Error: Credential implementation provided to initializeApp() via the "credential" property failed to fetch a valid Google OAuth2 access token with the following error: "Error fetching access token: invalid_grant (Invalid JWT Signature.)". There are two likely causes: (1) your server time is not properly synced or (2) your certificate key file has been revoked. To solve (1), re-sync the time on your server. To solve (2), make sure the key ID for your key file is still present at https://console.firebase.google.com/iam-admin/serviceaccounts/project. If not, generate a new key file at https://console.firebase.google.com/project/_/settings/serviceaccounts/adminsdk.

[2026-02-28T07:30:07.400Z] Order 535806: Checking token for vendor 697482171fb0c0d7c5f88bd4: FOUND

[2026-02-28T07:30:07.402Z] Attempting FCM to: cLr1bPMORH... Type: new_order
[2026-02-28T07:30:07.636Z] FCM Error: Credential implementation provided to initializeApp() via the "credential" property failed to fetch a valid Google OAuth2 access token with the following error: "Error fetching access token: invalid_grant (Invalid JWT Signature.)". There are two likely causes: (1) your server time is not properly synced or (2) your certificate key file has been revoked. To solve (1), re-sync the time on your server. To solve (2), make sure the key ID for your key file is still present at https://console.firebase.google.com/iam-admin/serviceaccounts/project. If not, generate a new key file at https://console.firebase.google.com/project/_/settings/serviceaccounts/adminsdk.

[2026-02-28T07:33:29.611Z] Initializing Firebase Admin via path: C:\Users\raja\Desktop\sevabazar\sevaBazar_Backend\firebaseConfig.json
[2026-02-28T07:33:29.715Z] Firebase Admin Initialized Successfully.

[2026-02-28T07:33:52.106Z] Initializing Firebase Admin via path: C:\Users\raja\Desktop\sevabazar\sevaBazar_Backend\firebaseConfig.json
[2026-02-28T07:33:52.153Z] Firebase Admin Initialized Successfully.

[2026-02-28T08:07:49.696Z] Initializing Firebase Admin via path: C:\Users\raja\Desktop\sevabazar\sevaBazar_Backend\firebaseConfig.json
[2026-02-28T08:07:49.782Z] Firebase Admin Initialized Successfully.

[2026-02-28T08:46:21.582Z] Initializing Firebase Admin via path: C:\Users\raja\Desktop\sevabazar\sevaBazar_Backend\firebaseConfig.json
[2026-02-28T08:46:21.670Z] Firebase Admin Initialized Successfully.

[2026-02-28T09:47:33.750Z] Order 894846: Checking token for vendor 697482171fb0c0d7c5f88bd4: FOUND

[2026-02-28T09:47:33.752Z] Attempting FCM to: estwyD6CTe... Type: new_order
[2026-02-28T09:47:34.021Z] FCM Error: Credential implementation provided to initializeApp() via the "credential" property failed to fetch a valid Google OAuth2 access token with the following error: "Error fetching access token: invalid_grant (Invalid JWT Signature.)". There are two likely causes: (1) your server time is not properly synced or (2) your certificate key file has been revoked. To solve (1), re-sync the time on your server. To solve (2), make sure the key ID for your key file is still present at https://console.firebase.google.com/iam-admin/serviceaccounts/project. If not, generate a new key file at https://console.firebase.google.com/project/_/settings/serviceaccounts/adminsdk.

[2026-02-28T09:48:27.240Z] Order 180476: Checking token for vendor 697482171fb0c0d7c5f88bd4: FOUND

[2026-02-28T09:48:27.241Z] Attempting FCM to: estwyD6CTe... Type: new_order
[2026-02-28T09:48:27.450Z] FCM Error: Credential implementation provided to initializeApp() via the "credential" property failed to fetch a valid Google OAuth2 access token with the following error: "Error fetching access token: invalid_grant (Invalid JWT Signature.)". There are two likely causes: (1) your server time is not properly synced or (2) your certificate key file has been revoked. To solve (1), re-sync the time on your server. To solve (2), make sure the key ID for your key file is still present at https://console.firebase.google.com/iam-admin/serviceaccounts/project. If not, generate a new key file at https://console.firebase.google.com/project/_/settings/serviceaccounts/adminsdk.

[2026-02-28T10:24:26.762Z] Initializing Firebase Admin via path: C:\Users\raja\Desktop\sevabazar\sevaBazar_Backend\firebaseConfig.json
[2026-02-28T10:24:26.839Z] Firebase Admin Initialized Successfully.

[2026-02-28T10:24:34.329Z] Initializing Firebase Admin via path: C:\Users\raja\Desktop\sevabazar\sevaBazar_Backend\firebaseConfig.json
[2026-02-28T10:24:34.371Z] Firebase Admin Initialized Successfully.

[2026-02-28T10:27:09.715Z] Initializing Firebase Admin via path: C:\Users\raja\Desktop\sevabazar\sevaBazar_Backend\firebaseConfig.json
[2026-02-28T10:27:09.766Z] Firebase Admin Initialized Successfully.

[2026-02-28T10:27:21.579Z] Initializing Firebase Admin via path: C:\Users\raja\Desktop\sevabazar\sevaBazar_Backend\firebaseConfig.json
[2026-02-28T10:27:21.624Z] Firebase Admin Initialized Successfully.

[2026-02-28T10:27:58.030Z] Order 930085: Checking token for vendor 697482171fb0c0d7c5f88bd4: FOUND

[2026-02-28T10:27:58.031Z] Attempting FCM to: estwyD6CTe... Type: new_order
[2026-02-28T10:27:58.275Z] FCM Error: Credential implementation provided to initializeApp() via the "credential" property failed to fetch a valid Google OAuth2 access token with the following error: "Error fetching access token: invalid_grant (Invalid JWT Signature.)". There are two likely causes: (1) your server time is not properly synced or (2) your certificate key file has been revoked. To solve (1), re-sync the time on your server. To solve (2), make sure the key ID for your key file is still present at https://console.firebase.google.com/iam-admin/serviceaccounts/project. If not, generate a new key file at https://console.firebase.google.com/project/_/settings/serviceaccounts/adminsdk.

[2026-02-28T10:43:39.931Z] Initializing Firebase Admin via path: C:\Users\raja\Desktop\sevabazar\sevaBazar_Backend\firebaseConfig.json
[2026-02-28T10:43:40.006Z] Firebase Admin Initialized Successfully.

[2026-02-28T10:44:03.684Z] Order 436343: Checking token for vendor 697482171fb0c0d7c5f88bd4: FOUND

[2026-02-28T10:44:03.685Z] Attempting FCM to: estwyD6CTe... Type: new_order
[2026-02-28T10:44:04.039Z] FCM Error: Credential implementation provided to initializeApp() via the "credential" property failed to fetch a valid Google OAuth2 access token with the following error: "Error fetching access token: invalid_grant (Invalid JWT Signature.)". There are two likely causes: (1) your server time is not properly synced or (2) your certificate key file has been revoked. To solve (1), re-sync the time on your server. To solve (2), make sure the key ID for your key file is still present at https://console.firebase.google.com/iam-admin/serviceaccounts/project. If not, generate a new key file at https://console.firebase.google.com/project/_/settings/serviceaccounts/adminsdk.

[2026-02-28T10:44:35.821Z] Attempting FCM to: estwyD6CTe... Type: new_order
[2026-02-28T10:44:36.114Z] FCM Error: Credential implementation provided to initializeApp() via the "credential" property failed to fetch a valid Google OAuth2 access token with the following error: "Error fetching access token: invalid_grant (Invalid JWT Signature.)". There are two likely causes: (1) your server time is not properly synced or (2) your certificate key file has been revoked. To solve (1), re-sync the time on your server. To solve (2), make sure the key ID for your key file is still present at https://console.firebase.google.com/iam-admin/serviceaccounts/project. If not, generate a new key file at https://console.firebase.google.com/project/_/settings/serviceaccounts/adminsdk.

[2026-02-28T11:02:09.128Z] Order 442929: Checking token for vendor 697482171fb0c0d7c5f88bd4: FOUND

[2026-02-28T11:02:09.129Z] Attempting FCM to: estwyD6CTe... Type: new_order
[2026-02-28T11:02:09.466Z] FCM Error: Credential implementation provided to initializeApp() via the "credential" property failed to fetch a valid Google OAuth2 access token with the following error: "Error fetching access token: invalid_grant (Invalid JWT Signature.)". There are two likely causes: (1) your server time is not properly synced or (2) your certificate key file has been revoked. To solve (1), re-sync the time on your server. To solve (2), make sure the key ID for your key file is still present at https://console.firebase.google.com/iam-admin/serviceaccounts/project. If not, generate a new key file at https://console.firebase.google.com/project/_/settings/serviceaccounts/adminsdk.

[2026-02-28T11:20:36.731Z] Order 546083: Checking token for vendor 697482171fb0c0d7c5f88bd4: FOUND

[2026-02-28T11:20:36.733Z] Attempting FCM to: estwyD6CTe... Type: new_order
[2026-02-28T11:20:37.087Z] FCM Error: Credential implementation provided to initializeApp() via the "credential" property failed to fetch a valid Google OAuth2 access token with the following error: "Error fetching access token: invalid_grant (Invalid JWT Signature.)". There are two likely causes: (1) your server time is not properly synced or (2) your certificate key file has been revoked. To solve (1), re-sync the time on your server. To solve (2), make sure the key ID for your key file is still present at https://console.firebase.google.com/iam-admin/serviceaccounts/project. If not, generate a new key file at https://console.firebase.google.com/project/_/settings/serviceaccounts/adminsdk.

[2026-02-28T11:23:03.974Z] Initializing Firebase Admin via path: C:\Users\raja\Desktop\sevabazar\sevaBazar_Backend\firebaseConfig.json
[2026-02-28T11:23:04.052Z] Firebase Admin Initialized Successfully.

[2026-02-28T11:23:10.448Z] Initializing Firebase Admin via path: C:\Users\raja\Desktop\sevabazar\sevaBazar_Backend\firebaseConfig.json
[2026-02-28T11:23:10.520Z] Firebase Admin Initialized Successfully.

[2026-02-28T11:23:17.148Z] Initializing Firebase Admin via path: C:\Users\raja\Desktop\sevabazar\sevaBazar_Backend\firebaseConfig.json
[2026-02-28T11:23:17.218Z] Firebase Admin Initialized Successfully.

[2026-02-28T11:44:36.655Z] Initializing Firebase Admin via path: C:\Users\raja\Desktop\sevabazar\sevaBazar_Backend\firebaseConfig.json
[2026-02-28T11:44:36.741Z] Firebase Admin Initialized Successfully.

[2026-02-28T11:44:49.999Z] Initializing Firebase Admin via path: C:\Users\raja\Desktop\sevabazar\sevaBazar_Backend\firebaseConfig.json
[2026-02-28T11:44:50.051Z] Firebase Admin Initialized Successfully.

[2026-02-28T11:45:04.034Z] Initializing Firebase Admin via path: C:\Users\raja\Desktop\sevabazar\sevaBazar_Backend\firebaseConfig.json
[2026-02-28T11:45:04.081Z] Firebase Admin Initialized Successfully.

[2026-02-28T11:46:09.768Z] Order 923345: Checking token for vendor 697482171fb0c0d7c5f88bd4: FOUND

[2026-02-28T11:46:09.770Z] Attempting FCM to: estwyD6CTe... Type: new_order
[2026-02-28T11:46:10.014Z] FCM Error: Credential implementation provided to initializeApp() via the "credential" property failed to fetch a valid Google OAuth2 access token with the following error: "Error fetching access token: invalid_grant (Invalid JWT Signature.)". There are two likely causes: (1) your server time is not properly synced or (2) your certificate key file has been revoked. To solve (1), re-sync the time on your server. To solve (2), make sure the key ID for your key file is still present at https://console.firebase.google.com/iam-admin/serviceaccounts/project. If not, generate a new key file at https://console.firebase.google.com/project/_/settings/serviceaccounts/adminsdk.

[2026-02-28T11:46:27.435Z] Attempting FCM to: estwyD6CTe... Type: order_cancelled
[2026-02-28T11:46:27.669Z] FCM Error: Credential implementation provided to initializeApp() via the "credential" property failed to fetch a valid Google OAuth2 access token with the following error: "Error fetching access token: invalid_grant (Invalid JWT Signature.)". There are two likely causes: (1) your server time is not properly synced or (2) your certificate key file has been revoked. To solve (1), re-sync the time on your server. To solve (2), make sure the key ID for your key file is still present at https://console.firebase.google.com/iam-admin/serviceaccounts/project. If not, generate a new key file at https://console.firebase.google.com/project/_/settings/serviceaccounts/adminsdk.

[2026-02-28T11:46:55.595Z] Order 986085: Checking token for vendor 697482171fb0c0d7c5f88bd4: FOUND

[2026-02-28T11:46:55.596Z] Attempting FCM to: estwyD6CTe... Type: new_order
[2026-02-28T11:46:55.928Z] FCM Error: Credential implementation provided to initializeApp() via the "credential" property failed to fetch a valid Google OAuth2 access token with the following error: "Error fetching access token: invalid_grant (Invalid JWT Signature.)". There are two likely causes: (1) your server time is not properly synced or (2) your certificate key file has been revoked. To solve (1), re-sync the time on your server. To solve (2), make sure the key ID for your key file is still present at https://console.firebase.google.com/iam-admin/serviceaccounts/project. If not, generate a new key file at https://console.firebase.google.com/project/_/settings/serviceaccounts/adminsdk.

[2026-02-28T11:47:45.466Z] Attempting FCM to: estwyD6CTe... Type: order_cancelled
[2026-02-28T11:47:45.826Z] FCM Error: Credential implementation provided to initializeApp() via the "credential" property failed to fetch a valid Google OAuth2 access token with the following error: "Error fetching access token: invalid_grant (Invalid JWT Signature.)". There are two likely causes: (1) your server time is not properly synced or (2) your certificate key file has been revoked. To solve (1), re-sync the time on your server. To solve (2), make sure the key ID for your key file is still present at https://console.firebase.google.com/iam-admin/serviceaccounts/project. If not, generate a new key file at https://console.firebase.google.com/project/_/settings/serviceaccounts/adminsdk.

[2026-02-28T11:59:02.654Z] Initializing Firebase Admin via path: C:\Users\raja\Desktop\sevabazar\sevaBazar_Backend\firebaseConfig.json
[2026-02-28T11:59:02.735Z] Firebase Admin Initialized Successfully.

[2026-02-28T12:00:04.260Z] Initializing Firebase Admin via path: C:\Users\raja\Desktop\sevabazar\sevaBazar_Backend\firebaseConfig.json
[2026-02-28T12:00:04.336Z] Firebase Admin Initialized Successfully.

[2026-02-28T12:01:00.249Z] Initializing Firebase Admin via path: C:\Users\raja\Desktop\sevabazar\sevaBazar_Backend\firebaseConfig.json
[2026-02-28T12:01:00.323Z] Firebase Admin Initialized Successfully.

[2026-02-28T13:00:39.418Z] Initializing Firebase Admin via path: C:\Users\raja\Desktop\sevabazar\sevaBazar_Backend\firebaseConfig.json
[2026-02-28T13:00:39.506Z] Firebase Admin Initialized Successfully.

[2026-02-28T13:03:16.368Z] Initializing Firebase Admin via path: C:\Users\raja\Desktop\sevabazar\sevaBazar_Backend\firebaseConfig.json
[2026-02-28T13:03:16.426Z] Firebase Admin Initialized Successfully.

[2026-02-28T13:03:31.071Z] Initializing Firebase Admin via path: C:\Users\raja\Desktop\sevabazar\sevaBazar_Backend\firebaseConfig.json
[2026-02-28T13:03:31.109Z] Firebase Admin Initialized Successfully.

[2026-02-28T13:04:31.894Z] Initializing Firebase Admin via path: C:\Users\raja\Desktop\sevabazar\sevaBazar_Backend\firebaseConfig.json
[2026-02-28T13:04:31.941Z] Firebase Admin Initialized Successfully.

[2026-02-28T13:05:45.250Z] Order 741517: Checking token for vendor 697482171fb0c0d7c5f88bd4: FOUND

[2026-02-28T13:05:45.252Z] Attempting FCM to: estwyD6CTe... Type: new_order
[2026-02-28T13:05:45.929Z] FCM Success: projects/sevabazar-5d3f6/messages/0:1772283945636089%9c8a17acf9fd7ecd

[2026-02-28T13:06:03.136Z] Attempting FCM to: estwyD6CTe... Type: order_cancelled
[2026-02-28T13:06:03.507Z] FCM Success: projects/sevabazar-5d3f6/messages/0:1772283963221216%9c8a17acf9fd7ecd

[2026-02-28T13:06:49.570Z] Order 875498: Checking token for vendor 697482171fb0c0d7c5f88bd4: FOUND

[2026-02-28T13:06:49.571Z] Attempting FCM to: estwyD6CTe... Type: new_order
[2026-02-28T13:06:49.903Z] FCM Success: projects/sevabazar-5d3f6/messages/0:1772284009552234%9c8a17acf9fd7ecd

[2026-02-28T13:13:15.899Z] Order 879453: Checking token for vendor 697482171fb0c0d7c5f88bd4: FOUND

[2026-02-28T13:13:15.901Z] Attempting FCM to: estwyD6CTe... Type: new_order
[2026-02-28T13:13:16.299Z] FCM Success: projects/sevabazar-5d3f6/messages/0:1772284396021166%9c8a17acf9fd7ecd

[2026-02-28T13:21:14.286Z] Initializing Firebase Admin via path: C:\Users\raja\Desktop\sevabazar\sevaBazar_Backend\firebaseConfig.json
[2026-02-28T13:21:14.365Z] Firebase Admin Initialized Successfully.

[2026-02-28T13:22:06.987Z] Order 764048: Checking token for vendor 697482171fb0c0d7c5f88bd4: FOUND

[2026-02-28T13:22:06.989Z] Attempting FCM to: estwyD6CTe... Type: new_order (Critical: true)
[2026-02-28T13:22:07.580Z] FCM Error: Invalid JSON payload received. Unknown name "category" at 'message.android.notification': Cannot find field.

[2026-02-28T13:22:51.160Z] Order 819996: Checking token for vendor 697482171fb0c0d7c5f88bd4: FOUND

[2026-02-28T13:22:51.162Z] Attempting FCM to: estwyD6CTe... Type: new_order (Critical: true)
[2026-02-28T13:22:51.414Z] FCM Error: Invalid JSON payload received. Unknown name "category" at 'message.android.notification': Cannot find field.

[2026-02-28T13:24:11.752Z] Initializing Firebase Admin via path: C:\Users\raja\Desktop\sevabazar\sevaBazar_Backend\firebaseConfig.json
[2026-02-28T13:24:12.261Z] Firebase Admin Initialized Successfully.

[2026-02-28T13:25:20.768Z] Order 681592: Checking token for vendor 697482171fb0c0d7c5f88bd4: FOUND

[2026-02-28T13:25:20.770Z] Attempting FCM to: estwyD6CTe... Type: new_order (Critical: true)
[2026-02-28T13:25:21.429Z] FCM Success: projects/sevabazar-5d3f6/messages/0:1772285121118419%9c8a17ac9c8a17ac

[2026-02-28T13:29:38.392Z] Order 412289: Checking token for vendor 697482171fb0c0d7c5f88bd4: FOUND

[2026-02-28T13:29:38.394Z] Attempting FCM to: estwyD6CTe... Type: new_order (Critical: true)
[2026-02-28T13:29:38.702Z] FCM Success: projects/sevabazar-5d3f6/messages/0:1772285378406737%9c8a17ac9c8a17ac

[2026-02-28T13:34:31.892Z] Order 953925: Checking token for vendor 697482171fb0c0d7c5f88bd4: FOUND

[2026-02-28T13:34:31.894Z] Attempting FCM to: estwyD6CTe... Type: new_order (Critical: true)
[2026-02-28T13:34:32.224Z] FCM Success: projects/sevabazar-5d3f6/messages/0:1772285671906535%9c8a17ac9c8a17ac

[2026-02-28T13:38:06.357Z] Order 680545: Checking token for vendor 697482171fb0c0d7c5f88bd4: FOUND

[2026-02-28T13:38:06.359Z] Attempting FCM to: estwyD6CTe... Type: new_order (Critical: true)
[2026-02-28T13:38:06.746Z] FCM Success: projects/sevabazar-5d3f6/messages/0:1772285886483081%9c8a17ac9c8a17ac

[2026-02-28T13:39:07.849Z] Order 505929: Checking token for vendor 697482171fb0c0d7c5f88bd4: FOUND

[2026-02-28T13:39:07.851Z] Attempting FCM to: estwyD6CTe... Type: new_order (Critical: true)
[2026-02-28T13:39:08.202Z] FCM Success: projects/sevabazar-5d3f6/messages/0:1772285947959615%9c8a17ac9c8a17ac

[2026-02-28T13:44:47.087Z] Order 565256: Checking token for vendor 697482171fb0c0d7c5f88bd4: FOUND

[2026-02-28T13:44:47.089Z] Attempting FCM to: exDFvXCcRu... Type: new_order (Critical: true)
[2026-02-28T13:44:47.398Z] FCM Success: projects/sevabazar-5d3f6/messages/0:1772286287139860%9c8a17ac9c8a17ac

[2026-02-28T13:48:00.261Z] Order 414466: Checking token for vendor 697482171fb0c0d7c5f88bd4: FOUND

[2026-02-28T13:48:00.263Z] Attempting FCM to: exDFvXCcRu... Type: new_order (Critical: true)
[2026-02-28T13:48:00.510Z] FCM Success: projects/sevabazar-5d3f6/messages/0:1772286480268397%9c8a17ac9c8a17ac

[2026-02-28T13:52:05.913Z] Order 915808: Checking token for vendor 697482171fb0c0d7c5f88bd4: FOUND

[2026-02-28T13:52:05.914Z] Attempting FCM to: exDFvXCcRu... Type: new_order (Critical: true)
[2026-02-28T13:52:06.192Z] FCM Success: projects/sevabazar-5d3f6/messages/0:1772286725937731%9c8a17ac9c8a17ac

[2026-02-28T14:17:11.071Z] Order 326244: Checking token for vendor 697482171fb0c0d7c5f88bd4: FOUND

[2026-02-28T14:17:11.075Z] Attempting FCM to: e6twPmJBT3... Type: new_order (Critical: true)
[2026-02-28T14:17:11.451Z] FCM Success: projects/sevabazar-5d3f6/messages/0:1772288231178118%9c8a17ac9c8a17ac

[2026-02-28T14:17:58.563Z] Order 959215: Checking token for vendor 697482171fb0c0d7c5f88bd4: FOUND

[2026-02-28T14:17:58.564Z] Attempting FCM to: e6twPmJBT3... Type: new_order (Critical: true)
[2026-02-28T14:17:58.795Z] FCM Success: projects/sevabazar-5d3f6/messages/0:1772288278575931%9c8a17ac9c8a17ac

[2026-02-28T14:23:58.923Z] Initializing Firebase Admin via path: C:\Users\raja\Desktop\sevabazar\sevaBazar_Backend\firebaseConfig.json
[2026-02-28T14:23:59.003Z] Firebase Admin Initialized Successfully.

[2026-02-28T14:29:03.718Z] Initializing Firebase Admin via path: C:\Users\raja\Desktop\sevabazar\sevaBazar_Backend\firebaseConfig.json
[2026-02-28T14:29:03.774Z] Firebase Admin Initialized Successfully.

[2026-02-28T14:29:29.230Z] Order 487702: Checking token for vendor 697482171fb0c0d7c5f88bd4: FOUND

[2026-02-28T14:29:29.231Z] Attempting FCM to: e6twPmJBT3... Type: new_order (Critical: true)
[2026-02-28T14:29:29.814Z] FCM Success: projects/sevabazar-5d3f6/messages/0:1772288969608829%9c8a17acf9fd7ecd

[2026-02-28T14:32:05.504Z] Order 833585: Checking token for vendor 697482171fb0c0d7c5f88bd4: FOUND

[2026-02-28T14:32:05.506Z] Attempting FCM to: e6twPmJBT3... Type: new_order (Critical: true)
[2026-02-28T14:32:05.820Z] FCM Success: projects/sevabazar-5d3f6/messages/0:1772289125594868%9c8a17acf9fd7ecd

[2026-02-28T14:42:53.287Z] Initializing Firebase Admin via path: C:\Users\raja\Desktop\sevabazar\sevaBazar_Backend\firebaseConfig.json
[2026-02-28T14:42:53.379Z] Firebase Admin Initialized Successfully.

[2026-02-28T14:43:20.522Z] Order 727704: Checking token for vendor 697482171fb0c0d7c5f88bd4: FOUND

[2026-02-28T14:43:20.524Z] Attempting FCM to: e6twPmJBT3... Type: new_order (Critical: true)
[2026-02-28T14:43:21.153Z] FCM Success: projects/sevabazar-5d3f6/messages/0:1772289800957490%9c8a17acf9fd7ecd

[2026-02-28T14:55:49.337Z] Order 795537: Checking token for vendor 697482171fb0c0d7c5f88bd4: FOUND

[2026-02-28T14:55:49.341Z] Attempting FCM to: e6twPmJBT3... Type: new_order (Critical: true)
[2026-02-28T14:55:49.616Z] FCM Success: projects/sevabazar-5d3f6/messages/0:1772290549408542%9c8a17acf9fd7ecd

[2026-02-28T14:56:18.603Z] Order 589430: Checking token for vendor 697482171fb0c0d7c5f88bd4: FOUND

[2026-02-28T14:56:18.604Z] Attempting FCM to: e6twPmJBT3... Type: new_order (Critical: true)
[2026-02-28T14:56:18.854Z] FCM Success: projects/sevabazar-5d3f6/messages/0:1772290578660259%9c8a17acf9fd7ecd

[2026-02-28T14:58:14.710Z] Order 702546: Checking token for vendor 697482171fb0c0d7c5f88bd4: FOUND

[2026-02-28T14:58:14.711Z] Attempting FCM to: e6twPmJBT3... Type: new_order (Critical: true)
[2026-02-28T14:58:14.989Z] FCM Success: projects/sevabazar-5d3f6/messages/0:1772290694810866%9c8a17acf9fd7ecd

[2026-02-28T14:58:59.048Z] Order 622499: Checking token for vendor 697482171fb0c0d7c5f88bd4: FOUND

[2026-02-28T14:58:59.049Z] Attempting FCM to: e6twPmJBT3... Type: new_order (Critical: true)
[2026-02-28T14:58:59.310Z] FCM Success: projects/sevabazar-5d3f6/messages/0:1772290739117166%9c8a17acf9fd7ecd

[2026-02-28T15:05:30.975Z] Order 170070: Checking token for vendor 697482171fb0c0d7c5f88bd4: FOUND

[2026-02-28T15:05:30.977Z] Attempting FCM to: e6twPmJBT3... Type: new_order (Critical: true)
[2026-02-28T15:05:31.316Z] FCM Success: projects/sevabazar-5d3f6/messages/0:1772291131155019%9c8a17acf9fd7ecd

[2026-02-28T15:10:47.331Z] Order 218136: Checking token for vendor 697482171fb0c0d7c5f88bd4: FOUND

[2026-02-28T15:10:47.333Z] Attempting FCM to: e6twPmJBT3... Type: new_order (Critical: true)
[2026-02-28T15:10:47.713Z] FCM Success: projects/sevabazar-5d3f6/messages/0:1772291447442036%9c8a17acf9fd7ecd

[2026-02-28T15:44:04.546Z] Order 178914: Checking token for vendor 697482171fb0c0d7c5f88bd4: FOUND

[2026-02-28T15:44:04.552Z] Attempting FCM to: e6twPmJBT3... Type: new_order (Critical: true)
[2026-02-28T15:44:05.178Z] FCM Success: projects/sevabazar-5d3f6/messages/0:1772293445029361%9c8a17acf9fd7ecd

[2026-02-28T15:45:08.093Z] Order 633793: Checking token for vendor 697482171fb0c0d7c5f88bd4: FOUND

[2026-02-28T15:45:08.095Z] Attempting FCM to: e6twPmJBT3... Type: new_order (Critical: true)
[2026-02-28T15:45:08.380Z] FCM Success: projects/sevabazar-5d3f6/messages/0:1772293508215164%9c8a17acf9fd7ecd

[2026-02-28T15:46:11.527Z] Order 603915: Checking token for vendor 697482171fb0c0d7c5f88bd4: FOUND

[2026-02-28T15:46:11.528Z] Attempting FCM to: e6twPmJBT3... Type: new_order (Critical: true)
[2026-02-28T15:46:11.883Z] FCM Success: projects/sevabazar-5d3f6/messages/0:1772293571621620%9c8a17acf9fd7ecd

[2026-02-28T15:46:51.855Z] Order 320023: Checking token for vendor 697482171fb0c0d7c5f88bd4: FOUND

[2026-02-28T15:46:51.857Z] Attempting FCM to: e6twPmJBT3... Type: new_order (Critical: true)
[2026-02-28T15:46:52.142Z] FCM Success: projects/sevabazar-5d3f6/messages/0:1772293611996592%9c8a17acf9fd7ecd

[2026-02-28T15:47:31.924Z] Order 731125: Checking token for vendor 697482171fb0c0d7c5f88bd4: FOUND

[2026-02-28T15:47:31.925Z] Attempting FCM to: e6twPmJBT3... Type: new_order (Critical: true)
[2026-02-28T15:47:32.213Z] FCM Success: projects/sevabazar-5d3f6/messages/0:1772293652055512%9c8a17acf9fd7ecd

[2026-02-28T16:03:15.949Z] Order 975133: Checking token for vendor 697482171fb0c0d7c5f88bd4: FOUND

[2026-02-28T16:03:15.954Z] Attempting FCM to: e6twPmJBT3... Type: new_order (Critical: true)
[2026-02-28T16:03:16.238Z] FCM Success: projects/sevabazar-5d3f6/messages/0:1772294596107874%9c8a17acf9fd7ecd

[2026-02-28T16:03:55.010Z] Order 899497: Checking token for vendor 697482171fb0c0d7c5f88bd4: FOUND

[2026-02-28T16:03:55.011Z] Attempting FCM to: e6twPmJBT3... Type: new_order (Critical: true)
[2026-02-28T16:03:55.397Z] FCM Success: projects/sevabazar-5d3f6/messages/0:1772294635265606%9c8a17acf9fd7ecd

[2026-02-28T16:16:09.507Z] Order 417356: Checking token for vendor 697482171fb0c0d7c5f88bd4: FOUND

[2026-02-28T16:16:09.510Z] Attempting FCM to: e6twPmJBT3... Type: new_order (Critical: true)
[2026-02-28T16:16:09.823Z] FCM Success: projects/sevabazar-5d3f6/messages/0:1772295369686047%9c8a17acf9fd7ecd

[2026-02-28T16:20:13.034Z] Order 706016: Checking token for vendor 697482171fb0c0d7c5f88bd4: FOUND

[2026-02-28T16:20:13.036Z] Attempting FCM to: e6twPmJBT3... Type: new_order (Critical: true)
[2026-02-28T16:20:13.309Z] FCM Success: projects/sevabazar-5d3f6/messages/0:1772295613188696%9c8a17acf9fd7ecd

[2026-02-28T16:21:04.367Z] Order 636023: Checking token for vendor 697482171fb0c0d7c5f88bd4: FOUND

[2026-02-28T16:21:04.368Z] Attempting FCM to: e6twPmJBT3... Type: new_order (Critical: true)
[2026-02-28T16:21:04.641Z] FCM Success: projects/sevabazar-5d3f6/messages/0:1772295664513867%9c8a17acf9fd7ecd

[2026-02-28T16:21:57.033Z] Order 913841: Checking token for vendor 697482171fb0c0d7c5f88bd4: FOUND

[2026-02-28T16:21:57.034Z] Attempting FCM to: e6twPmJBT3... Type: new_order (Critical: true)
[2026-02-28T16:21:57.339Z] FCM Success: projects/sevabazar-5d3f6/messages/0:1772295717164219%9c8a17acf9fd7ecd

[2026-02-28T16:22:37.839Z] Order 585712: Checking token for vendor 697482171fb0c0d7c5f88bd4: FOUND

[2026-02-28T16:22:37.841Z] Attempting FCM to: e6twPmJBT3... Type: new_order (Critical: true)
[2026-02-28T16:22:38.075Z] FCM Success: projects/sevabazar-5d3f6/messages/0:1772295757962511%9c8a17acf9fd7ecd

[2026-02-28T16:23:14.683Z] Attempting FCM to: e6twPmJBT3... Type: order_cancelled (Critical: false)
[2026-02-28T16:23:15.047Z] FCM Success: projects/sevabazar-5d3f6/messages/0:1772295794818526%9c8a17acf9fd7ecd

[2026-03-01T07:30:33.648Z] Initializing Firebase Admin via path: C:\Users\raja\Desktop\sevabazar\sevaBazar_Backend\firebaseConfig.json
[2026-03-01T07:30:33.753Z] Firebase Admin Initialized Successfully.

[2026-03-01T07:40:37.963Z] Attempting FCM to: e6twPmJBT3... Type: order_cancelled (Critical: false)
[2026-03-01T07:40:38.658Z] FCM Success: projects/sevabazar-5d3f6/messages/0:1772350838618224%9c8a17acf9fd7ecd

[2026-03-01T07:56:39.934Z] Initializing Firebase Admin via path: C:\Users\raja\Desktop\sevabazar\sevaBazar_Backend\firebaseConfig.json
[2026-03-01T07:56:40.063Z] Firebase Admin Initialized Successfully.

[2026-03-01T08:22:42.852Z] Attempting FCM to: e6twPmJBT3... Type: order_cancelled (Critical: false)
[2026-03-01T08:22:43.676Z] FCM Success: projects/sevabazar-5d3f6/messages/0:1772353363667868%9c8a17acf9fd7ecd

[2026-03-01T08:23:09.171Z] Attempting FCM to: e6twPmJBT3... Type: order_cancelled (Critical: false)
[2026-03-01T08:23:09.528Z] FCM Success: projects/sevabazar-5d3f6/messages/0:1772353389525228%9c8a17acf9fd7ecd

[2026-03-01T09:17:27.719Z] Attempting FCM to: e6twPmJBT3... Type: order_cancelled (Critical: false)
[2026-03-01T09:17:28.050Z] FCM Success: projects/sevabazar-5d3f6/messages/0:1772356648098431%9c8a17acf9fd7ecd

[2026-03-01T09:17:44.980Z] Attempting FCM to: e6twPmJBT3... Type: order_cancelled (Critical: false)
[2026-03-01T09:17:45.669Z] FCM Success: projects/sevabazar-5d3f6/messages/0:1772356665617918%9c8a17acf9fd7ecd

[2026-03-01T09:34:57.154Z] Initializing Firebase Admin via path: C:\Users\raja\Desktop\sevabazar\sevaBazar_Backend\firebaseConfig.json
[2026-03-01T09:34:57.238Z] Firebase Admin Initialized Successfully.

[2026-03-01T09:36:53.746Z] Attempting FCM to: e6twPmJBT3... Type: order_cancelled (Critical: false)
[2026-03-01T09:36:54.551Z] FCM Success: projects/sevabazar-5d3f6/messages/0:1772357814611021%9c8a17acf9fd7ecd

[2026-03-01T09:48:06.447Z] Attempting FCM to: e6twPmJBT3... Type: order_cancelled (Critical: false)
[2026-03-01T09:48:06.763Z] FCM Success: projects/sevabazar-5d3f6/messages/0:1772358486855888%9c8a17acf9fd7ecd

[2026-03-01T09:53:04.026Z] Attempting FCM to: e6twPmJBT3... Type: order_cancelled (Critical: false)
[2026-03-01T09:53:04.482Z] FCM Success: projects/sevabazar-5d3f6/messages/0:1772358784555279%9c8a17acf9fd7ecd

[2026-03-01T09:53:27.669Z] Attempting FCM to: e6twPmJBT3... Type: order_cancelled (Critical: false)
[2026-03-01T09:53:27.908Z] FCM Success: projects/sevabazar-5d3f6/messages/0:1772358808003699%9c8a17acf9fd7ecd

[2026-03-01T09:54:02.653Z] Attempting FCM to: e6twPmJBT3... Type: order_cancelled (Critical: false)
[2026-03-01T09:54:03.053Z] FCM Success: projects/sevabazar-5d3f6/messages/0:1772358843146836%9c8a17acf9fd7ecd

[2026-03-01T09:54:32.511Z] Attempting FCM to: e6twPmJBT3... Type: order_cancelled (Critical: false)
[2026-03-01T09:54:32.756Z] FCM Success: projects/sevabazar-5d3f6/messages/0:1772358872864870%9c8a17acf9fd7ecd

[2026-03-01T09:57:19.509Z] Attempting FCM to: e6twPmJBT3... Type: order_cancelled (Critical: false)
[2026-03-01T09:57:19.759Z] FCM Success: projects/sevabazar-5d3f6/messages/0:1772359039860946%9c8a17acf9fd7ecd

[2026-03-01T09:57:39.758Z] Attempting FCM to: e6twPmJBT3... Type: order_cancelled (Critical: false)
[2026-03-01T09:57:39.997Z] FCM Success: projects/sevabazar-5d3f6/messages/0:1772359060102138%9c8a17acf9fd7ecd

[2026-03-01T09:58:10.906Z] Attempting FCM to: e6twPmJBT3... Type: order_cancelled (Critical: false)
[2026-03-01T09:58:11.242Z] FCM Success: projects/sevabazar-5d3f6/messages/0:1772359091266847%9c8a17acf9fd7ecd

[2026-03-01T09:59:26.547Z] Attempting FCM to: e6twPmJBT3... Type: order_cancelled (Critical: false)
[2026-03-01T09:59:26.977Z] FCM Success: projects/sevabazar-5d3f6/messages/0:1772359167080707%9c8a17acf9fd7ecd

[2026-03-01T09:59:46.086Z] Attempting FCM to: e6twPmJBT3... Type: order_cancelled (Critical: false)
[2026-03-01T09:59:46.440Z] FCM Success: projects/sevabazar-5d3f6/messages/0:1772359186543744%9c8a17acf9fd7ecd

[2026-03-01T10:01:08.305Z] Initializing Firebase Admin via path: C:\Users\raja\Desktop\sevabazar\sevaBazar_Backend\firebaseConfig.json
[2026-03-01T10:01:08.398Z] Firebase Admin Initialized Successfully.

[2026-03-01T10:01:34.083Z] Attempting FCM to: e6twPmJBT3... Type: order_cancelled (Critical: false)
[2026-03-01T10:01:34.681Z] FCM Success: projects/sevabazar-5d3f6/messages/0:1772359294782394%9c8a17acf9fd7ecd

[2026-03-01T10:02:53.993Z] Attempting FCM to: e6twPmJBT3... Type: order_cancelled (Critical: false)
[2026-03-01T10:02:54.281Z] FCM Success: projects/sevabazar-5d3f6/messages/0:1772359374348513%9c8a17acf9fd7ecd

[2026-03-01T10:08:11.107Z] Attempting FCM to: e6twPmJBT3... Type: order_cancelled (Critical: false)
[2026-03-01T10:08:11.390Z] FCM Success: projects/sevabazar-5d3f6/messages/0:1772359691511860%9c8a17acf9fd7ecd

[2026-03-01T10:08:42.012Z] Attempting FCM to: e6twPmJBT3... Type: order_cancelled (Critical: false)
[2026-03-01T10:08:42.313Z] FCM Success: projects/sevabazar-5d3f6/messages/0:1772359722383492%9c8a17acf9fd7ecd

[2026-03-01T10:10:31.589Z] Attempting FCM to: e6twPmJBT3... Type: order_cancelled (Critical: false)
[2026-03-01T10:10:31.846Z] FCM Success: projects/sevabazar-5d3f6/messages/0:1772359831975070%9c8a17acf9fd7ecd

[2026-03-01T10:12:58.874Z] Attempting FCM to: e6twPmJBT3... Type: order_cancelled (Critical: false)
[2026-03-01T10:12:59.134Z] FCM Success: projects/sevabazar-5d3f6/messages/0:1772359979265173%9c8a17acf9fd7ecd

[2026-03-01T10:13:19.170Z] Attempting FCM to: e6twPmJBT3... Type: order_cancelled (Critical: false)
[2026-03-01T10:13:19.492Z] FCM Success: projects/sevabazar-5d3f6/messages/0:1772359999526410%9c8a17acf9fd7ecd

[2026-03-01T10:14:06.014Z] Attempting FCM to: e6twPmJBT3... Type: order_cancelled (Critical: false)
[2026-03-01T10:14:06.261Z] FCM Success: projects/sevabazar-5d3f6/messages/0:1772360046382757%9c8a17acf9fd7ecd

[2026-03-01T10:14:59.491Z] Attempting FCM to: e6twPmJBT3... Type: order_cancelled (Critical: false)
[2026-03-01T10:14:59.831Z] FCM Success: projects/sevabazar-5d3f6/messages/0:1772360099860463%9c8a17acf9fd7ecd

[2026-03-01T10:16:26.154Z] Attempting FCM to: e6twPmJBT3... Type: order_cancelled (Critical: false)
[2026-03-01T10:16:26.384Z] FCM Success: projects/sevabazar-5d3f6/messages/0:1772360186511102%9c8a17acf9fd7ecd

[2026-03-01T10:20:28.850Z] Attempting FCM to: e6twPmJBT3... Type: order_cancelled (Critical: false)
[2026-03-01T10:20:29.134Z] FCM Success: projects/sevabazar-5d3f6/messages/0:1772360429281825%9c8a17acf9fd7ecd

[2026-03-01T10:21:17.771Z] Attempting FCM to: e6twPmJBT3... Type: order_cancelled (Critical: false)
[2026-03-01T10:21:18.112Z] FCM Success: projects/sevabazar-5d3f6/messages/0:1772360478244291%9c8a17acf9fd7ecd

[2026-03-01T10:26:42.054Z] Attempting FCM to: e6twPmJBT3... Type: order_cancelled (Critical: false)
[2026-03-01T10:26:42.440Z] FCM Success: projects/sevabazar-5d3f6/messages/0:1772360802457262%9c8a17acf9fd7ecd

[2026-03-01T10:27:24.757Z] Attempting FCM to: e6twPmJBT3... Type: order_cancelled (Critical: false)
[2026-03-01T10:27:25.045Z] FCM Success: projects/sevabazar-5d3f6/messages/0:1772360845171588%9c8a17acf9fd7ecd

[2026-03-01T10:34:47.349Z] Attempting FCM to: e6twPmJBT3... Type: order_cancelled (Critical: false)
[2026-03-01T10:34:47.735Z] FCM Success: projects/sevabazar-5d3f6/messages/0:1772361287812868%9c8a17acf9fd7ecd

[2026-03-01T10:35:10.296Z] Attempting FCM to: e6twPmJBT3... Type: order_cancelled (Critical: false)
[2026-03-01T10:35:10.567Z] FCM Success: projects/sevabazar-5d3f6/messages/0:1772361310705133%9c8a17acf9fd7ecd

[2026-03-01T10:36:09.219Z] Attempting FCM to: e6twPmJBT3... Type: order_cancelled (Critical: false)
[2026-03-01T10:36:09.604Z] FCM Success: projects/sevabazar-5d3f6/messages/0:1772361369730774%9c8a17acf9fd7ecd

[2026-03-01T10:36:47.783Z] Order 967582: Checking token for vendor 697482171fb0c0d7c5f88bd4: FOUND

[2026-03-01T10:36:47.785Z] Attempting FCM to: e6twPmJBT3... Type: new_order (Critical: true)
[2026-03-01T10:36:48.123Z] FCM Success: projects/sevabazar-5d3f6/messages/0:1772361408254691%9c8a17acf9fd7ecd

[2026-03-01T10:37:45.831Z] Order 804904: Checking token for vendor 697482171fb0c0d7c5f88bd4: FOUND

[2026-03-01T10:37:45.832Z] Attempting FCM to: e6twPmJBT3... Type: new_order (Critical: true)
[2026-03-01T10:37:46.162Z] FCM Success: projects/sevabazar-5d3f6/messages/0:1772361466318605%9c8a17acf9fd7ecd

[2026-03-01T10:42:12.653Z] Order 603749: Checking token for vendor 697482171fb0c0d7c5f88bd4: FOUND

[2026-03-01T10:42:12.656Z] Attempting FCM to: e6twPmJBT3... Type: new_order (Critical: true)
[2026-03-01T10:42:12.909Z] FCM Success: projects/sevabazar-5d3f6/messages/0:1772361733065592%9c8a17acf9fd7ecd

[2026-03-01T10:47:52.471Z] Order 363741: Checking token for vendor 697482171fb0c0d7c5f88bd4: FOUND

[2026-03-01T10:47:52.474Z] Attempting FCM to: e6twPmJBT3... Type: new_order (Critical: true)
[2026-03-01T10:47:52.843Z] FCM Success: projects/sevabazar-5d3f6/messages/0:1772362072895489%9c8a17acf9fd7ecd

[2026-03-01T11:02:16.052Z] Order 113487: Checking token for vendor 697482171fb0c0d7c5f88bd4: FOUND

[2026-03-01T11:02:16.056Z] Attempting FCM to: e6twPmJBT3... Type: new_order (Critical: true)
[2026-03-01T11:02:16.679Z] FCM Success: projects/sevabazar-5d3f6/messages/0:1772362936859689%9c8a17acf9fd7ecd

[2026-03-01T11:03:00.083Z] Order 318814: Checking token for vendor 697482171fb0c0d7c5f88bd4: FOUND

[2026-03-01T11:03:00.084Z] Attempting FCM to: e6twPmJBT3... Type: new_order (Critical: true)
[2026-03-01T11:03:00.375Z] FCM Success: projects/sevabazar-5d3f6/messages/0:1772362980550390%9c8a17acf9fd7ecd

[2026-03-01T11:08:56.263Z] Order 776933: Checking token for vendor 697482171fb0c0d7c5f88bd4: FOUND

[2026-03-01T11:08:56.266Z] Attempting FCM to: e6twPmJBT3... Type: new_order (Critical: true)
[2026-03-01T11:08:56.536Z] FCM Success: projects/sevabazar-5d3f6/messages/0:1772363336727988%9c8a17acf9fd7ecd

[2026-03-01T11:11:59.810Z] Order 164332: Checking token for vendor 697482171fb0c0d7c5f88bd4: FOUND

[2026-03-01T11:11:59.813Z] Attempting FCM to: e6twPmJBT3... Type: new_order (Critical: true)
[2026-03-01T11:12:00.120Z] FCM Success: projects/sevabazar-5d3f6/messages/0:1772363520287559%9c8a17acf9fd7ecd

[2026-03-01T11:18:42.076Z] Order 297203: Checking token for vendor 697482171fb0c0d7c5f88bd4: FOUND

[2026-03-01T11:18:42.082Z] Attempting FCM to: e6twPmJBT3... Type: new_order (Critical: true)
[2026-03-01T11:18:42.358Z] FCM Success: projects/sevabazar-5d3f6/messages/0:1772363922559961%9c8a17acf9fd7ecd

[2026-03-01T11:19:19.693Z] Order 914758: Checking token for vendor 697482171fb0c0d7c5f88bd4: FOUND

[2026-03-01T11:19:19.695Z] Attempting FCM to: e6twPmJBT3... Type: new_order (Critical: true)
[2026-03-01T11:19:19.932Z] FCM Success: projects/sevabazar-5d3f6/messages/0:1772363960130725%9c8a17acf9fd7ecd

[2026-03-01T11:30:27.978Z] Order 326352: Checking token for vendor 697482171fb0c0d7c5f88bd4: FOUND

[2026-03-01T11:30:27.982Z] Attempting FCM to: e6twPmJBT3... Type: new_order (Critical: true)
[2026-03-01T11:30:28.361Z] FCM Success: projects/sevabazar-5d3f6/messages/0:1772364628469826%9c8a17acf9fd7ecd

[2026-03-01T11:31:20.566Z] Order 571348: Checking token for vendor 697482171fb0c0d7c5f88bd4: FOUND

[2026-03-01T11:31:20.568Z] Attempting FCM to: e6twPmJBT3... Type: new_order (Critical: true)
[2026-03-01T11:31:20.810Z] FCM Success: projects/sevabazar-5d3f6/messages/0:1772364681020098%9c8a17acf9fd7ecd

[2026-03-01T11:32:25.990Z] Order 117917: Checking token for vendor 697482171fb0c0d7c5f88bd4: FOUND

[2026-03-01T11:32:25.992Z] Attempting FCM to: e6twPmJBT3... Type: new_order (Critical: true)
[2026-03-01T11:32:26.357Z] FCM Success: projects/sevabazar-5d3f6/messages/0:1772364746545142%9c8a17acf9fd7ecd

[2026-03-01T11:33:13.045Z] Order 550227: Checking token for vendor 697482171fb0c0d7c5f88bd4: FOUND

[2026-03-01T11:33:13.047Z] Attempting FCM to: e6twPmJBT3... Type: new_order (Critical: true)
[2026-03-01T11:33:13.287Z] FCM Success: projects/sevabazar-5d3f6/messages/0:1772364793513881%9c8a17acf9fd7ecd

[2026-03-01T11:34:00.808Z] Order 547185: Checking token for vendor 697482171fb0c0d7c5f88bd4: FOUND

[2026-03-01T11:34:00.809Z] Attempting FCM to: e6twPmJBT3... Type: new_order (Critical: true)
[2026-03-01T11:34:01.228Z] FCM Success: projects/sevabazar-5d3f6/messages/0:1772364841420664%9c8a17acf9fd7ecd

[2026-03-01T11:35:51.312Z] Attempting FCM to: e6twPmJBT3... Type: order_cancelled (Critical: false)
[2026-03-01T11:35:51.564Z] FCM Success: projects/sevabazar-5d3f6/messages/0:1772364951770475%9c8a17acf9fd7ecd

[2026-03-01T11:57:28.406Z] Order 339992: Checking token for vendor 697482171fb0c0d7c5f88bd4: FOUND

[2026-03-01T11:57:28.412Z] Attempting FCM to: e6twPmJBT3... Type: new_order (Critical: true)

[2026-03-01T11:57:28.531Z] Order 979480: Checking token for vendor 697482171fb0c0d7c5f88bd4: FOUND

[2026-03-01T11:57:28.533Z] Attempting FCM to: e6twPmJBT3... Type: new_order (Critical: true)
[2026-03-01T11:57:29.056Z] FCM Success: projects/sevabazar-5d3f6/messages/0:1772366249281576%9c8a17acf9fd7ecd
[2026-03-01T11:57:29.072Z] FCM Success: projects/sevabazar-5d3f6/messages/0:1772366249302313%9c8a17acf9fd7ecd

[2026-03-01T12:02:26.019Z] Attempting FCM to: e6twPmJBT3... Type: order_cancelled (Critical: false)
[2026-03-01T12:02:26.344Z] FCM Success: projects/sevabazar-5d3f6/messages/0:1772366546592407%9c8a17acf9fd7ecd

[2026-03-01T12:02:47.892Z] Attempting FCM to: e6twPmJBT3... Type: order_cancelled (Critical: false)
[2026-03-01T12:02:48.151Z] FCM Success: projects/sevabazar-5d3f6/messages/0:1772366568390663%9c8a17acf9fd7ecd

[2026-03-01T12:03:32.473Z] Order 862818: Checking token for vendor 697482171fb0c0d7c5f88bd4: FOUND

[2026-03-01T12:03:32.475Z] Attempting FCM to: e6twPmJBT3... Type: new_order (Critical: true)
[2026-03-01T12:03:32.796Z] FCM Success: projects/sevabazar-5d3f6/messages/0:1772366612988008%9c8a17acf9fd7ecd

[2026-03-01T12:15:44.767Z] Attempting FCM to: e6twPmJBT3... Type: order_cancelled (Critical: false)
[2026-03-01T12:15:45.266Z] FCM Success: projects/sevabazar-5d3f6/messages/0:1772367345511487%9c8a17acf9fd7ecd

[2026-03-01T12:16:40.152Z] Order 625358: Checking token for vendor 697482171fb0c0d7c5f88bd4: FOUND

[2026-03-01T12:16:40.154Z] Attempting FCM to: e6twPmJBT3... Type: new_order (Critical: true)
[2026-03-01T12:16:40.458Z] FCM Success: projects/sevabazar-5d3f6/messages/0:1772367400702236%9c8a17acf9fd7ecd

[2026-03-01T13:09:30.304Z] Order 194025: Checking token for vendor 697482171fb0c0d7c5f88bd4: FOUND

[2026-03-01T13:09:30.309Z] Attempting FCM to: e6twPmJBT3... Type: new_order (Critical: true)
[2026-03-01T13:09:30.945Z] FCM Success: projects/sevabazar-5d3f6/messages/0:1772370571265398%9c8a17acf9fd7ecd

[2026-03-01T13:10:21.780Z] Order 140645: Checking token for vendor 697482171fb0c0d7c5f88bd4: FOUND

[2026-03-01T13:10:21.781Z] Attempting FCM to: e6twPmJBT3... Type: new_order (Critical: true)
[2026-03-01T13:10:22.082Z] FCM Success: projects/sevabazar-5d3f6/messages/0:1772370622385890%9c8a17acf9fd7ecd

[2026-03-01T13:11:39.554Z] Order 595790: Checking token for vendor 697482171fb0c0d7c5f88bd4: FOUND

[2026-03-01T13:11:39.555Z] Attempting FCM to: e6twPmJBT3... Type: new_order (Critical: true)
[2026-03-01T13:11:39.914Z] FCM Success: projects/sevabazar-5d3f6/messages/0:1772370700149975%9c8a17acf9fd7ecd

[2026-03-01T13:19:08.066Z] Order 297627: Checking token for vendor 697482171fb0c0d7c5f88bd4: FOUND

[2026-03-01T13:19:08.071Z] Attempting FCM to: e6twPmJBT3... Type: new_order (Critical: true)
[2026-03-01T13:19:08.366Z] FCM Success: projects/sevabazar-5d3f6/messages/0:1772371148682440%9c8a17acf9fd7ecd

[2026-03-01T13:22:14.936Z] Order 728882: Checking token for vendor 697482171fb0c0d7c5f88bd4: FOUND

[2026-03-01T13:22:14.938Z] Attempting FCM to: e6twPmJBT3... Type: new_order (Critical: true)
[2026-03-01T13:22:15.334Z] FCM Success: projects/sevabazar-5d3f6/messages/0:1772371335643524%9c8a17acf9fd7ecd

[2026-03-01T13:32:56.878Z] Order 957082: Checking token for vendor 697482171fb0c0d7c5f88bd4: FOUND

[2026-03-01T13:32:56.884Z] Attempting FCM to: e6twPmJBT3... Type: new_order (Critical: true)
[2026-03-01T13:32:57.146Z] FCM Success: projects/sevabazar-5d3f6/messages/0:1772371977500506%9c8a17acf9fd7ecd

[2026-03-01T13:33:54.803Z] Order 741474: Checking token for vendor 697482171fb0c0d7c5f88bd4: FOUND

[2026-03-01T13:33:54.804Z] Attempting FCM to: e6twPmJBT3... Type: new_order (Critical: true)
[2026-03-01T13:33:55.051Z] FCM Success: projects/sevabazar-5d3f6/messages/0:1772372035420811%9c8a17acf9fd7ecd

[2026-03-01T13:44:58.710Z] Order 626429: Checking token for vendor 697482171fb0c0d7c5f88bd4: FOUND

[2026-03-01T13:44:58.715Z] Attempting FCM to: e6twPmJBT3... Type: new_order (Critical: true)
[2026-03-01T13:44:58.987Z] FCM Success: projects/sevabazar-5d3f6/messages/0:1772372699353569%9c8a17acf9fd7ecd

[2026-03-01T13:45:53.376Z] Order 220199: Checking token for vendor 697482171fb0c0d7c5f88bd4: FOUND

[2026-03-01T13:45:53.378Z] Attempting FCM to: e6twPmJBT3... Type: new_order (Critical: true)
[2026-03-01T13:45:53.661Z] FCM Success: projects/sevabazar-5d3f6/messages/0:1772372754011003%9c8a17acf9fd7ecd

[2026-03-01T13:58:48.757Z] Order 856801: Checking token for vendor 697482171fb0c0d7c5f88bd4: FOUND

[2026-03-01T13:58:48.761Z] Attempting FCM to: e6twPmJBT3... Type: new_order (Critical: true)
[2026-03-01T13:58:49.039Z] FCM Success: projects/sevabazar-5d3f6/messages/0:1772373529424052%9c8a17acf9fd7ecd

[2026-03-01T13:59:38.143Z] Order 200802: Checking token for vendor 697482171fb0c0d7c5f88bd4: FOUND

[2026-03-01T13:59:38.144Z] Attempting FCM to: e6twPmJBT3... Type: new_order (Critical: true)
[2026-03-01T13:59:38.473Z] FCM Success: projects/sevabazar-5d3f6/messages/0:1772373578848209%9c8a17acf9fd7ecd

[2026-03-01T14:00:32.331Z] Order 502841: Checking token for vendor 697482171fb0c0d7c5f88bd4: FOUND

[2026-03-01T14:00:32.332Z] Attempting FCM to: e6twPmJBT3... Type: new_order (Critical: true)
[2026-03-01T14:00:32.665Z] FCM Success: projects/sevabazar-5d3f6/messages/0:1772373632971791%9c8a17acf9fd7ecd

[2026-03-01T14:08:21.467Z] Order 163700: Checking token for vendor 697482171fb0c0d7c5f88bd4: FOUND

[2026-03-01T14:08:21.472Z] Attempting FCM to: e6twPmJBT3... Type: new_order (Critical: true)
[2026-03-01T14:08:22.027Z] FCM Success: projects/sevabazar-5d3f6/messages/0:1772374102420534%9c8a17acf9fd7ecd

[2026-03-01T14:08:56.916Z] Order 782413: Checking token for vendor 697482171fb0c0d7c5f88bd4: FOUND

[2026-03-01T14:08:56.918Z] Attempting FCM to: e6twPmJBT3... Type: new_order (Critical: true)
[2026-03-01T14:08:57.278Z] FCM Success: projects/sevabazar-5d3f6/messages/0:1772374137551669%9c8a17acf9fd7ecd

[2026-03-01T14:31:30.349Z] Order 347927: Checking token for vendor 697482171fb0c0d7c5f88bd4: FOUND

[2026-03-01T14:31:30.352Z] Attempting FCM to: e6twPmJBT3... Type: new_order (Critical: true)
[2026-03-01T14:31:30.728Z] FCM Success: projects/sevabazar-5d3f6/messages/0:1772375491053981%9c8a17acf9fd7ecd

[2026-03-01T14:34:08.755Z] Order 248706: Checking token for vendor 697482171fb0c0d7c5f88bd4: FOUND

[2026-03-01T14:34:08.756Z] Attempting FCM to: e6twPmJBT3... Type: new_order (Critical: true)
[2026-03-01T14:34:09.039Z] FCM Success: projects/sevabazar-5d3f6/messages/0:1772375649465234%9c8a17acf9fd7ecd

[2026-03-01T14:47:58.228Z] Order 804914: Checking token for vendor 697482171fb0c0d7c5f88bd4: FOUND

[2026-03-01T14:47:58.233Z] Attempting FCM to: e6twPmJBT3... Type: new_order (Critical: true)
[2026-03-01T14:47:58.527Z] FCM Success: projects/sevabazar-5d3f6/messages/0:1772376478941707%9c8a17acf9fd7ecd

[2026-03-01T14:55:11.066Z] Order 153911: Checking token for vendor 697482171fb0c0d7c5f88bd4: FOUND

[2026-03-01T14:55:11.071Z] Attempting FCM to: e6twPmJBT3... Type: new_order (Critical: true)
[2026-03-01T14:55:11.443Z] FCM Success: projects/sevabazar-5d3f6/messages/0:1772376911811135%9c8a17acf9fd7ecd

[2026-03-01T15:13:27.619Z] Order 859352: Checking token for vendor 697482171fb0c0d7c5f88bd4: FOUND

[2026-03-01T15:13:27.626Z] Attempting FCM to: e6twPmJBT3... Type: new_order (Critical: true)
[2026-03-01T15:13:28.219Z] FCM Success: projects/sevabazar-5d3f6/messages/0:1772378008679319%9c8a17acf9fd7ecd

[2026-03-01T15:20:22.670Z] Order 536189: Checking token for vendor 697482171fb0c0d7c5f88bd4: FOUND

[2026-03-01T15:20:22.674Z] Attempting FCM to: e6twPmJBT3... Type: new_order (Critical: true)
[2026-03-01T15:20:23.070Z] FCM Success: projects/sevabazar-5d3f6/messages/0:1772378423514621%9c8a17acf9fd7ecd

[2026-03-01T15:21:46.944Z] Order 754369: Checking token for vendor 697482171fb0c0d7c5f88bd4: FOUND

[2026-03-01T15:21:46.945Z] Attempting FCM to: e6twPmJBT3... Type: new_order (Critical: true)
[2026-03-01T15:21:47.163Z] FCM Success: projects/sevabazar-5d3f6/messages/0:1772378507656696%9c8a17acf9fd7ecd

[2026-03-01T15:44:29.534Z] Order 796111: Checking token for vendor 697482171fb0c0d7c5f88bd4: FOUND

[2026-03-01T15:44:29.537Z] Attempting FCM to: e6twPmJBT3... Type: new_order (Critical: true)
[2026-03-01T15:44:29.951Z] FCM Success: projects/sevabazar-5d3f6/messages/0:1772379870453549%9c8a17acf9fd7ecd

[2026-03-01T15:45:33.283Z] Order 326782: Checking token for vendor 697482171fb0c0d7c5f88bd4: FOUND

[2026-03-01T15:45:33.284Z] Attempting FCM to: e6twPmJBT3... Type: new_order (Critical: true)
[2026-03-01T15:45:33.651Z] FCM Success: projects/sevabazar-5d3f6/messages/0:1772379934045273%9c8a17acf9fd7ecd

[2026-03-01T15:47:26.920Z] Order 364655: Checking token for vendor 697482171fb0c0d7c5f88bd4: FOUND

[2026-03-01T15:47:26.922Z] Attempting FCM to: fFR8tG92QS... Type: new_order (Critical: true)
[2026-03-01T15:47:27.286Z] FCM Success: projects/sevabazar-5d3f6/messages/0:1772380047704506%9c8a17acf9fd7ecd

[2026-03-01T16:03:05.712Z] Order 419811: Checking token for vendor 697482171fb0c0d7c5f88bd4: FOUND

[2026-03-01T16:03:05.715Z] Attempting FCM to: fFR8tG92QS... Type: new_order (Critical: true)
[2026-03-01T16:03:06.091Z] FCM Success: projects/sevabazar-5d3f6/messages/0:1772380986588294%9c8a17acf9fd7ecd

[2026-03-01T16:04:31.099Z] Order 375636: Checking token for vendor 697482171fb0c0d7c5f88bd4: FOUND

[2026-03-01T16:04:31.101Z] Attempting FCM to: fFR8tG92QS... Type: new_order (Critical: true)
[2026-03-01T16:04:31.324Z] FCM Success: projects/sevabazar-5d3f6/messages/0:1772381071860518%9c8a17acf9fd7ecd

[2026-03-01T16:05:50.303Z] Order 572401: Checking token for vendor 697482171fb0c0d7c5f88bd4: FOUND

[2026-03-01T16:05:50.304Z] Attempting FCM to: fFR8tG92QS... Type: new_order (Critical: true)
[2026-03-01T16:05:50.544Z] FCM Success: projects/sevabazar-5d3f6/messages/0:1772381151079679%9c8a17acf9fd7ecd

[2026-03-01T16:06:46.696Z] Order 807320: Checking token for vendor 697482171fb0c0d7c5f88bd4: FOUND

[2026-03-01T16:06:46.697Z] Attempting FCM to: fFR8tG92QS... Type: new_order (Critical: true)
[2026-03-01T16:06:47.023Z] FCM Success: projects/sevabazar-5d3f6/messages/0:1772381207531898%9c8a17acf9fd7ecd

[2026-03-01T16:10:29.501Z] Order 567471: Checking token for vendor 697482171fb0c0d7c5f88bd4: FOUND

[2026-03-01T16:10:29.503Z] Attempting FCM to: fFR8tG92QS... Type: new_order (Critical: true)
[2026-03-01T16:10:30.184Z] FCM Success: projects/sevabazar-5d3f6/messages/0:1772381430681634%9c8a17acf9fd7ecd

[2026-03-01T16:13:22.412Z] Order 221429: Checking token for vendor 697482171fb0c0d7c5f88bd4: FOUND

[2026-03-01T16:13:22.415Z] Attempting FCM to: fFR8tG92QS... Type: new_order (Critical: true)
[2026-03-01T16:13:22.922Z] FCM Success: projects/sevabazar-5d3f6/messages/0:1772381603447687%9c8a17acf9fd7ecd

[2026-03-01T16:13:59.369Z] Order 601102: Checking token for vendor 697482171fb0c0d7c5f88bd4: FOUND

[2026-03-01T16:13:59.370Z] Attempting FCM to: fFR8tG92QS... Type: new_order (Critical: true)
[2026-03-01T16:13:59.652Z] FCM Success: projects/sevabazar-5d3f6/messages/0:1772381640190386%9c8a17acf9fd7ecd

[2026-03-01T16:34:09.747Z] Order 561420: Checking token for vendor 697482171fb0c0d7c5f88bd4: FOUND

[2026-03-01T16:34:09.751Z] Attempting FCM to: fFR8tG92QS... Type: new_order (Critical: true)
[2026-03-01T16:34:10.108Z] FCM Success: projects/sevabazar-5d3f6/messages/0:1772382850570752%9c8a17acf9fd7ecd

[2026-03-01T16:35:13.138Z] Order 656457: Checking token for vendor 697482171fb0c0d7c5f88bd4: FOUND

[2026-03-01T16:35:13.139Z] Attempting FCM to: fFR8tG92QS... Type: new_order (Critical: true)
[2026-03-01T16:35:13.363Z] FCM Success: projects/sevabazar-5d3f6/messages/0:1772382913934749%9c8a17acf9fd7ecd

[2026-03-01T16:36:06.523Z] Order 963387: Checking token for vendor 697482171fb0c0d7c5f88bd4: FOUND

[2026-03-01T16:36:06.525Z] Attempting FCM to: fFR8tG92QS... Type: new_order (Critical: true)
[2026-03-01T16:36:06.781Z] FCM Success: projects/sevabazar-5d3f6/messages/0:1772382967343425%9c8a17acf9fd7ecd

[2026-03-01T16:37:13.333Z] Order 550559: Checking token for vendor 697482171fb0c0d7c5f88bd4: FOUND

[2026-03-01T16:37:13.334Z] Attempting FCM to: fFR8tG92QS... Type: new_order (Critical: true)
[2026-03-01T16:37:13.571Z] FCM Success: projects/sevabazar-5d3f6/messages/0:1772383034138257%9c8a17acf9fd7ecd

[2026-03-01T16:37:56.450Z] Attempting FCM to: fFR8tG92QS... Type: order_cancelled (Critical: false)
[2026-03-01T16:37:56.669Z] FCM Success: projects/sevabazar-5d3f6/messages/0:1772383077244848%9c8a17acf9fd7ecd

[2026-03-01T16:38:44.295Z] Attempting FCM to: fFR8tG92QS... Type: order_cancelled (Critical: false)
[2026-03-01T16:38:44.572Z] FCM Success: projects/sevabazar-5d3f6/messages/0:1772383125129683%9c8a17acf9fd7ecd

[2026-03-01T16:40:30.200Z] Attempting FCM to: fFR8tG92QS... Type: order_cancelled (Critical: false)
[2026-03-01T16:40:30.538Z] FCM Success: projects/sevabazar-5d3f6/messages/0:1772383231112184%9c8a17acf9fd7ecd

[2026-03-01T16:59:00.755Z] Attempting FCM to: fFR8tG92QS... Type: order_cancelled (Critical: false)
[2026-03-01T16:59:01.120Z] FCM Success: projects/sevabazar-5d3f6/messages/0:1772384341709637%9c8a17acf9fd7ecd

[2026-03-01T17:01:22.263Z] Attempting FCM to: fFR8tG92QS... Type: order_cancelled (Critical: false)
[2026-03-01T17:01:22.647Z] FCM Success: projects/sevabazar-5d3f6/messages/0:1772384483122975%9c8a17acf9fd7ecd

[2026-03-01T17:01:40.399Z] Attempting FCM to: fFR8tG92QS... Type: order_cancelled (Critical: false)
[2026-03-01T17:01:40.667Z] FCM Success: projects/sevabazar-5d3f6/messages/0:1772384501252077%9c8a17acf9fd7ecd

[2026-03-01T17:02:18.388Z] Attempting FCM to: fFR8tG92QS... Type: order_cancelled (Critical: false)
[2026-03-01T17:02:18.719Z] FCM Success: projects/sevabazar-5d3f6/messages/0:1772384539307135%9c8a17acf9fd7ecd

[2026-03-01T17:02:52.193Z] Attempting FCM to: fFR8tG92QS... Type: order_cancelled (Critical: false)
[2026-03-01T17:02:52.433Z] FCM Success: projects/sevabazar-5d3f6/messages/0:1772384573028749%9c8a17acf9fd7ecd

[2026-03-01T17:03:21.455Z] Attempting FCM to: fFR8tG92QS... Type: order_cancelled (Critical: false)
[2026-03-01T17:03:21.809Z] FCM Success: projects/sevabazar-5d3f6/messages/0:1772384602391281%9c8a17acf9fd7ecd

[2026-03-01T17:04:05.022Z] Attempting FCM to: fFR8tG92QS... Type: order_cancelled (Critical: false)
[2026-03-01T17:04:05.351Z] FCM Success: projects/sevabazar-5d3f6/messages/0:1772384645930730%9c8a17acf9fd7ecd

[2026-03-01T17:08:13.066Z] Attempting FCM to: fFR8tG92QS... Type: order_cancelled (Critical: false)
[2026-03-01T17:08:13.922Z] FCM Success: projects/sevabazar-5d3f6/messages/0:1772384894503150%9c8a17acf9fd7ecd

[2026-03-01T17:10:43.709Z] Attempting FCM to: fFR8tG92QS... Type: order_cancelled (Critical: false)
[2026-03-01T17:10:44.059Z] FCM Success: projects/sevabazar-5d3f6/messages/0:1772385044640623%9c8a17acf9fd7ecd

[2026-03-01T17:11:06.725Z] Attempting FCM to: fFR8tG92QS... Type: order_cancelled (Critical: false)
[2026-03-01T17:11:07.055Z] FCM Success: projects/sevabazar-5d3f6/messages/0:1772385067575158%9c8a17acf9fd7ecd

[2026-03-01T17:11:30.461Z] Attempting FCM to: fFR8tG92QS... Type: order_cancelled (Critical: false)
[2026-03-01T17:11:30.791Z] FCM Success: projects/sevabazar-5d3f6/messages/0:1772385091384673%9c8a17acf9fd7ecd

[2026-03-01T17:11:56.211Z] Attempting FCM to: fFR8tG92QS... Type: order_cancelled (Critical: false)
[2026-03-01T17:11:56.498Z] FCM Success: projects/sevabazar-5d3f6/messages/0:1772385117095489%9c8a17acf9fd7ecd

[2026-03-01T17:12:23.863Z] Attempting FCM to: fFR8tG92QS... Type: order_cancelled (Critical: false)
[2026-03-01T17:12:24.189Z] FCM Success: projects/sevabazar-5d3f6/messages/0:1772385144785825%9c8a17acf9fd7ecd

[2026-03-01T17:13:17.247Z] Attempting FCM to: fFR8tG92QS... Type: order_cancelled (Critical: false)
[2026-03-01T17:13:17.671Z] FCM Success: projects/sevabazar-5d3f6/messages/0:1772385198273927%9c8a17acf9fd7ecd

[2026-03-01T17:16:01.453Z] Attempting FCM to: fFR8tG92QS... Type: order_cancelled (Critical: false)
[2026-03-01T17:16:01.844Z] FCM Success: projects/sevabazar-5d3f6/messages/0:1772385362422057%9c8a17acf9fd7ecd

[2026-03-01T17:16:23.516Z] Attempting FCM to: fFR8tG92QS... Type: order_cancelled (Critical: false)
[2026-03-01T17:16:23.841Z] FCM Success: projects/sevabazar-5d3f6/messages/0:1772385384363996%9c8a17acf9fd7ecd

[2026-03-01T17:17:19.195Z] Attempting FCM to: fFR8tG92QS... Type: order_cancelled (Critical: false)
[2026-03-01T17:17:19.555Z] FCM Success: projects/sevabazar-5d3f6/messages/0:1772385440156093%9c8a17acf9fd7ecd

[2026-03-01T17:17:33.562Z] Attempting FCM to: fFR8tG92QS... Type: order_cancelled (Critical: false)
[2026-03-01T17:17:33.835Z] FCM Success: projects/sevabazar-5d3f6/messages/0:1772385454429321%9c8a17acf9fd7ecd

[2026-03-01T17:17:49.685Z] Attempting FCM to: fFR8tG92QS... Type: order_cancelled (Critical: false)
[2026-03-01T17:17:50.034Z] FCM Success: projects/sevabazar-5d3f6/messages/0:1772385470629791%9c8a17acf9fd7ecd

[2026-03-01T17:18:09.001Z] Attempting FCM to: fFR8tG92QS... Type: order_cancelled (Critical: false)
[2026-03-01T17:18:09.340Z] FCM Success: projects/sevabazar-5d3f6/messages/0:1772385489838312%9c8a17acf9fd7ecd

[2026-03-01T17:21:25.635Z] Attempting FCM to: fFR8tG92QS... Type: order_cancelled (Critical: false)
[2026-03-01T17:21:25.992Z] FCM Success: projects/sevabazar-5d3f6/messages/0:1772385686598120%9c8a17acf9fd7ecd

[2026-03-01T17:21:46.099Z] Attempting FCM to: fFR8tG92QS... Type: order_cancelled (Critical: false)
[2026-03-01T17:21:46.339Z] FCM Success: projects/sevabazar-5d3f6/messages/0:1772385706952156%9c8a17acf9fd7ecd

[2026-03-02T06:27:51.928Z] Initializing Firebase Admin via path: C:\Users\raja\Desktop\sevabazar\sevaBazar_Backend\firebaseConfig.json
[2026-03-02T06:27:51.996Z] Firebase Admin Initialized Successfully.

[2026-03-02T06:42:05.227Z] Initializing Firebase Admin via path: C:\Users\raja\Desktop\sevabazar\sevaBazar_Backend\firebaseConfig.json
[2026-03-02T06:42:05.302Z] Firebase Admin Initialized Successfully.

[2026-03-02T06:53:20.956Z] Initializing Firebase Admin via path: C:\Users\raja\Desktop\sevabazar\sevaBazar_Backend\firebaseConfig.json
[2026-03-02T06:53:21.021Z] Firebase Admin Initialized Successfully.

[2026-03-02T07:08:53.659Z] Initializing Firebase Admin via path: C:\Users\raja\Desktop\sevabazar\sevaBazar_Backend\firebaseConfig.json
[2026-03-02T07:08:53.727Z] Firebase Admin Initialized Successfully.

[2026-03-02T07:12:29.749Z] Initializing Firebase Admin via path: C:\Users\raja\Desktop\sevabazar\sevaBazar_Backend\firebaseConfig.json
[2026-03-02T07:12:29.825Z] Firebase Admin Initialized Successfully.

[2026-03-02T07:12:36.761Z] Initializing Firebase Admin via path: C:\Users\raja\Desktop\sevabazar\sevaBazar_Backend\firebaseConfig.json
[2026-03-02T07:12:36.825Z] Firebase Admin Initialized Successfully.

[2026-03-02T07:24:34.180Z] Order 503434: Checking token for vendor 697482171fb0c0d7c5f88bd4: FOUND

[2026-03-02T07:24:34.183Z] Attempting FCM to: eltKm-_1SE... Type: new_order (Critical: true)
[2026-03-02T07:24:34.965Z] FCM Success: projects/sevabazar-5d3f6/messages/0:1772436274439772%9c8a17ac9c8a17ac

[2026-03-02T07:24:45.654Z] Attempting FCM to: cGKAFgYHTY... Type: order_cancelled (Critical: false)
[2026-03-02T07:24:45.901Z] FCM Success: projects/sevabazar-5d3f6/messages/0:1772436285373131%b37b294ab37b294a

[2026-03-02T07:27:17.242Z] Order 393387: Checking token for vendor 697482171fb0c0d7c5f88bd4: FOUND

[2026-03-02T07:27:17.244Z] Attempting FCM to: eltKm-_1SE... Type: new_order (Critical: true)
[2026-03-02T07:27:17.618Z] FCM Success: projects/sevabazar-5d3f6/messages/0:1772436436987128%9c8a17ac9c8a17ac

[2026-03-02T07:27:23.889Z] Attempting FCM to: cGKAFgYHTY... Type: order_cancelled (Critical: false)
[2026-03-02T07:27:24.234Z] FCM Success: projects/sevabazar-5d3f6/messages/0:1772436443705137%b37b294ab37b294a

[2026-03-02T07:30:50.662Z] Initializing Firebase Admin via path: C:\Users\raja\Desktop\sevabazar\sevaBazar_Backend\firebaseConfig.json
[2026-03-02T07:30:50.753Z] Firebase Admin Initialized Successfully.

[2026-03-02T07:31:48.925Z] Order 687813: Checking token for vendor 697482171fb0c0d7c5f88bd4: FOUND

[2026-03-02T07:31:48.928Z] Attempting FCM to: eltKm-_1SE... Type: new_order (Critical: true)
[2026-03-02T07:31:49.484Z] FCM Success: projects/sevabazar-5d3f6/messages/0:1772436708956763%9c8a17ac9c8a17ac

[2026-03-02T07:32:00.382Z] Attempting FCM to: cGKAFgYHTY... Type: order_cancelled (Critical: false)
[2026-03-02T07:32:00.632Z] FCM Success: projects/sevabazar-5d3f6/messages/0:1772436720103158%b37b294ab37b294a

[2026-03-02T07:36:28.291Z] Initializing Firebase Admin via path: C:\Users\raja\Desktop\sevabazar\sevaBazar_Backend\firebaseConfig.json
[2026-03-02T07:36:28.366Z] Firebase Admin Initialized Successfully.

[2026-03-02T07:36:50.365Z] Order 858029: Checking token for vendor 697482171fb0c0d7c5f88bd4: FOUND

[2026-03-02T07:36:50.368Z] Attempting FCM to: eltKm-_1SE... Type: new_order (Critical: true)
[2026-03-02T07:36:50.995Z] FCM Success: projects/sevabazar-5d3f6/messages/0:1772437010488828%9c8a17ac9c8a17ac

[2026-03-02T07:37:10.922Z] Attempting FCM to: cGKAFgYHTY... Type: order_cancelled (Critical: false)
[2026-03-02T07:37:11.266Z] FCM Success: projects/sevabazar-5d3f6/messages/0:1772437030684741%b37b294ab37b294a

[2026-03-02T07:40:18.592Z] Attempting FCM to: cGKAFgYHTY... Type: order_cancelled (Critical: false)
[2026-03-02T07:40:18.937Z] FCM Success: projects/sevabazar-5d3f6/messages/0:1772437218345161%b37b294ab37b294a

[2026-03-02T07:40:18.981Z] Attempting FCM to: eltKm-_1SE... Type: order_cancelled (Critical: false)
[2026-03-02T07:40:19.122Z] FCM Success: projects/sevabazar-5d3f6/messages/0:1772437218612360%9c8a17ac9c8a17ac

[2026-03-02T07:41:32.507Z] Attempting FCM to: cGKAFgYHTY... Type: order_cancelled (Critical: false)
[2026-03-02T07:41:32.791Z] FCM Success: projects/sevabazar-5d3f6/messages/0:1772437292282788%b37b294ab37b294a

[2026-03-02T07:41:32.849Z] Attempting FCM to: eltKm-_1SE... Type: order_cancelled (Critical: false)
[2026-03-02T07:41:33.003Z] FCM Success: projects/sevabazar-5d3f6/messages/0:1772437292484986%9c8a17ac9c8a17ac

[2026-03-02T07:42:00.382Z] Attempting FCM to: cGKAFgYHTY... Type: order_cancelled (Critical: false)
[2026-03-02T07:42:00.647Z] FCM Success: projects/sevabazar-5d3f6/messages/0:1772437320107410%b37b294ab37b294a

[2026-03-02T07:42:00.702Z] Attempting FCM to: eltKm-_1SE... Type: order_cancelled (Critical: false)
[2026-03-02T07:42:02.371Z] FCM Success: projects/sevabazar-5d3f6/messages/0:1772437321003174%9c8a17ac9c8a17ac

[2026-03-02T07:42:37.478Z] Attempting FCM to: cGKAFgYHTY... Type: order_cancelled (Critical: false)
[2026-03-02T07:42:37.741Z] FCM Success: projects/sevabazar-5d3f6/messages/0:1772437357217996%b37b294ab37b294a

[2026-03-02T07:42:37.792Z] Attempting FCM to: eltKm-_1SE... Type: order_cancelled (Critical: false)
[2026-03-02T07:42:37.939Z] FCM Success: projects/sevabazar-5d3f6/messages/0:1772437357422940%9c8a17ac9c8a17ac

[2026-03-02T07:43:46.290Z] Initializing Firebase Admin via path: C:\Users\raja\Desktop\sevabazar\sevaBazar_Backend\firebaseConfig.json
[2026-03-02T07:43:46.380Z] Firebase Admin Initialized Successfully.

[2026-03-02T07:46:07.335Z] Initializing Firebase Admin via path: C:\Users\raja\Desktop\sevabazar\sevaBazar_Backend\firebaseConfig.json
[2026-03-02T07:46:07.389Z] Firebase Admin Initialized Successfully.

[2026-03-02T07:46:43.526Z] Initializing Firebase Admin via path: C:\Users\raja\Desktop\sevabazar\sevaBazar_Backend\firebaseConfig.json
[2026-03-02T07:46:43.581Z] Firebase Admin Initialized Successfully.

[2026-03-02T07:46:53.496Z] Initializing Firebase Admin via path: C:\Users\raja\Desktop\sevabazar\sevaBazar_Backend\firebaseConfig.json
[2026-03-02T07:46:53.562Z] Firebase Admin Initialized Successfully.

[2026-03-02T07:52:27.933Z] Initializing Firebase Admin via path: C:\Users\raja\Desktop\sevabazar\sevaBazar_Backend\firebaseConfig.json
[2026-03-02T07:52:28.011Z] Firebase Admin Initialized Successfully.

[2026-03-02T07:54:31.774Z] Order 905200: Checking token for vendor 697482171fb0c0d7c5f88bd4: FOUND

[2026-03-02T07:54:31.776Z] Attempting FCM to: eltKm-_1SE... Type: new_order (Critical: true)
[2026-03-02T07:54:32.360Z] FCM Success: projects/sevabazar-5d3f6/messages/0:1772438071841633%9c8a17ac9c8a17ac

[2026-03-02T07:54:39.014Z] Attempting FCM to: cGKAFgYHTY... Type: order_cancelled (Critical: false)
[2026-03-02T07:54:39.306Z] FCM Success: projects/sevabazar-5d3f6/messages/0:1772438078756512%b37b294ab37b294a

[2026-03-02T07:55:02.837Z] Attempting FCM to: eltKm-_1SE... Type: order_cancelled (Critical: false)
[2026-03-02T07:55:03.183Z] FCM Success: projects/sevabazar-5d3f6/messages/0:1772438102598603%9c8a17ac9c8a17ac

[2026-03-02T08:02:22.817Z] Initializing Firebase Admin via path: C:\Users\raja\Desktop\sevabazar\sevaBazar_Backend\firebaseConfig.json
[2026-03-02T08:02:22.895Z] Firebase Admin Initialized Successfully.

[2026-03-02T08:02:35.137Z] Initializing Firebase Admin via path: C:\Users\raja\Desktop\sevabazar\sevaBazar_Backend\firebaseConfig.json
[2026-03-02T08:02:35.192Z] Firebase Admin Initialized Successfully.

[2026-03-02T08:03:43.537Z] Initializing Firebase Admin via path: C:\Users\raja\Desktop\sevabazar\sevaBazar_Backend\firebaseConfig.json
[2026-03-02T08:03:43.599Z] Firebase Admin Initialized Successfully.

[2026-03-02T08:03:51.507Z] Initializing Firebase Admin via path: C:\Users\raja\Desktop\sevabazar\sevaBazar_Backend\firebaseConfig.json
[2026-03-02T08:03:51.552Z] Firebase Admin Initialized Successfully.

[2026-03-02T08:04:01.788Z] Initializing Firebase Admin via path: C:\Users\raja\Desktop\sevabazar\sevaBazar_Backend\firebaseConfig.json
[2026-03-02T08:04:01.836Z] Firebase Admin Initialized Successfully.

[2026-03-02T08:07:04.550Z] Initializing Firebase Admin via path: C:\Users\raja\Desktop\sevabazar\sevaBazar_Backend\firebaseConfig.json
[2026-03-02T08:07:04.627Z] Firebase Admin Initialized Successfully.

[2026-03-02T08:08:28.919Z] Order 979223: Checking token for vendor 697482171fb0c0d7c5f88bd4: FOUND

[2026-03-02T08:08:28.921Z] Attempting FCM to: eltKm-_1SE... Type: new_order (Critical: true)
[2026-03-02T08:08:29.533Z] FCM Success: projects/sevabazar-5d3f6/messages/0:1772438909067044%9c8a17ac9c8a17ac

[2026-03-02T08:08:44.503Z] Attempting FCM to: cGKAFgYHTY... Type: order_cancelled (Critical: false)
[2026-03-02T08:08:44.772Z] FCM Success: projects/sevabazar-5d3f6/messages/0:1772438924289986%b37b294ab37b294a

[2026-03-02T08:15:03.063Z] Order 310691: Checking token for vendor 697482171fb0c0d7c5f88bd4: FOUND

[2026-03-02T08:15:03.065Z] Attempting FCM to: eltKm-_1SE... Type: new_order (Critical: true)
[2026-03-02T08:15:03.443Z] FCM Success: projects/sevabazar-5d3f6/messages/0:1772439302887016%9c8a17ac9c8a17ac

[2026-03-02T08:15:15.429Z] Attempting FCM to: cGKAFgYHTY... Type: order_cancelled (Critical: false)
[2026-03-02T08:15:15.702Z] FCM Success: projects/sevabazar-5d3f6/messages/0:1772439315193708%b37b294ab37b294a

[2026-03-02T08:23:08.684Z] Order 361422: Checking token for vendor 697482171fb0c0d7c5f88bd4: FOUND

[2026-03-02T08:23:08.686Z] Attempting FCM to: eltKm-_1SE... Type: new_order (Critical: true)
[2026-03-02T08:23:09.071Z] FCM Success: projects/sevabazar-5d3f6/messages/0:1772439788531308%9c8a17ac9c8a17ac

[2026-03-02T08:23:20.385Z] Attempting FCM to: cGKAFgYHTY... Type: order_cancelled (Critical: false)
[2026-03-02T08:23:20.718Z] FCM Success: projects/sevabazar-5d3f6/messages/0:1772439800196263%b37b294ab37b294a

[2026-03-02T08:27:10.451Z] Order 128513: Checking token for vendor 697482171fb0c0d7c5f88bd4: FOUND

[2026-03-02T08:27:10.453Z] Attempting FCM to: eltKm-_1SE... Type: new_order (Critical: true)
[2026-03-02T08:27:10.684Z] FCM Success: projects/sevabazar-5d3f6/messages/0:1772440030240232%9c8a17ac9c8a17ac

[2026-03-02T08:27:24.049Z] Attempting FCM to: cGKAFgYHTY... Type: order_cancelled (Critical: false)
[2026-03-02T08:27:24.381Z] FCM Success: projects/sevabazar-5d3f6/messages/0:1772440043933952%b37b294ab37b294a

[2026-03-02T08:27:53.236Z] Order 361610: Checking token for vendor 697482171fb0c0d7c5f88bd4: FOUND

[2026-03-02T08:27:53.238Z] Attempting FCM to: eltKm-_1SE... Type: new_order (Critical: true)
[2026-03-02T08:27:53.593Z] FCM Success: projects/sevabazar-5d3f6/messages/0:1772440073139155%9c8a17ac9c8a17ac

[2026-03-02T08:28:01.846Z] Attempting FCM to: cGKAFgYHTY... Type: order_cancelled (Critical: false)
[2026-03-02T08:28:02.114Z] FCM Success: projects/sevabazar-5d3f6/messages/0:1772440081646998%b37b294ab37b294a

[2026-03-02T08:36:35.350Z] Order 919194: Checking token for vendor 697482171fb0c0d7c5f88bd4: FOUND

[2026-03-02T08:36:35.352Z] Attempting FCM to: eltKm-_1SE... Type: new_order (Critical: true)
[2026-03-02T08:36:35.713Z] FCM Success: projects/sevabazar-5d3f6/messages/0:1772440595151759%9c8a17ac9c8a17ac

[2026-03-02T08:36:45.461Z] Attempting FCM to: cGKAFgYHTY... Type: order_cancelled (Critical: false)
[2026-03-02T08:36:45.835Z] FCM Success: projects/sevabazar-5d3f6/messages/0:1772440605397113%b37b294ab37b294a

[2026-03-02T08:37:18.979Z] Order 148793: Checking token for vendor 697482171fb0c0d7c5f88bd4: FOUND

[2026-03-02T08:37:18.981Z] Attempting FCM to: eltKm-_1SE... Type: new_order (Critical: true)
[2026-03-02T08:37:19.208Z] FCM Success: projects/sevabazar-5d3f6/messages/0:1772440638765754%9c8a17ac9c8a17ac

[2026-03-02T08:37:28.211Z] Attempting FCM to: cGKAFgYHTY... Type: order_cancelled (Critical: false)
[2026-03-02T08:37:28.536Z] FCM Success: projects/sevabazar-5d3f6/messages/0:1772440648055580%b37b294ab37b294a

[2026-03-02T08:38:15.636Z] Order 384457: Checking token for vendor 697482171fb0c0d7c5f88bd4: FOUND

[2026-03-02T08:38:15.637Z] Attempting FCM to: eltKm-_1SE... Type: new_order (Critical: true)
[2026-03-02T08:38:16.006Z] FCM Success: projects/sevabazar-5d3f6/messages/0:1772440695546991%9c8a17ac9c8a17ac

[2026-03-02T08:38:28.793Z] Attempting FCM to: cGKAFgYHTY... Type: order_cancelled (Critical: false)
[2026-03-02T08:38:29.050Z] FCM Success: projects/sevabazar-5d3f6/messages/0:1772440708600145%b37b294ab37b294a

[2026-03-02T08:43:08.634Z] Order 744776: Checking token for vendor 697482171fb0c0d7c5f88bd4: FOUND

[2026-03-02T08:43:08.636Z] Attempting FCM to: eltKm-_1SE... Type: new_order (Critical: true)
[2026-03-02T08:43:08.986Z] FCM Success: projects/sevabazar-5d3f6/messages/0:1772440988434536%9c8a17ac9c8a17ac

[2026-03-02T08:43:15.602Z] Attempting FCM to: cGKAFgYHTY... Type: order_cancelled (Critical: false)
[2026-03-02T08:43:15.847Z] FCM Success: projects/sevabazar-5d3f6/messages/0:1772440995403902%b37b294ab37b294a

[2026-03-02T09:12:37.295Z] Order 262211: Checking token for vendor 697482171fb0c0d7c5f88bd4: FOUND

[2026-03-02T09:12:37.297Z] Attempting FCM to: eltKm-_1SE... Type: new_order (Critical: true)
[2026-03-02T09:12:38.040Z] FCM Success: projects/sevabazar-5d3f6/messages/0:1772442757608521%9c8a17ac9c8a17ac

[2026-03-02T09:13:33.408Z] Order 682312: Checking token for vendor 697482171fb0c0d7c5f88bd4: FOUND

[2026-03-02T09:13:33.409Z] Attempting FCM to: eltKm-_1SE... Type: new_order (Critical: true)
[2026-03-02T09:13:33.661Z] FCM Success: projects/sevabazar-5d3f6/messages/0:1772442813250294%9c8a17ac9c8a17ac

[2026-03-02T09:15:40.749Z] Attempting FCM to: cGKAFgYHTY... Type: order_cancelled (Critical: false)
[2026-03-02T09:15:41.040Z] FCM Success: projects/sevabazar-5d3f6/messages/0:1772442940609370%b37b294ab37b294a

[2026-03-02T09:41:28.862Z] Order 141790: Checking token for vendor 697482171fb0c0d7c5f88bd4: FOUND

[2026-03-02T09:41:28.866Z] Attempting FCM to: eltKm-_1SE... Type: new_order (Critical: true)
[2026-03-02T09:41:29.256Z] FCM Success: projects/sevabazar-5d3f6/messages/0:1772444488879925%9c8a17ac9c8a17ac

[2026-03-02T09:41:56.182Z] Attempting FCM to: cGKAFgYHTY... Type: order_cancelled (Critical: false)
[2026-03-02T09:41:56.470Z] FCM Success: projects/sevabazar-5d3f6/messages/0:1772444516065308%b37b294ab37b294a

[2026-03-02T09:42:27.632Z] Order 864662: Checking token for vendor 697482171fb0c0d7c5f88bd4: FOUND

[2026-03-02T09:42:27.633Z] Attempting FCM to: eltKm-_1SE... Type: new_order (Critical: true)
[2026-03-02T09:42:27.863Z] FCM Success: projects/sevabazar-5d3f6/messages/0:1772444547504652%9c8a17ac9c8a17ac

[2026-03-02T09:42:48.283Z] Attempting FCM to: cGKAFgYHTY... Type: order_status_update (Critical: false)
[2026-03-02T09:42:49.027Z] FCM Success: projects/sevabazar-5d3f6/messages/0:1772444568237265%b37b294ab37b294a

[2026-03-02T09:43:36.721Z] Order 603608: Checking token for vendor 697482171fb0c0d7c5f88bd4: FOUND

[2026-03-02T09:43:36.723Z] Attempting FCM to: eltKm-_1SE... Type: new_order (Critical: true)
[2026-03-02T09:43:36.975Z] FCM Success: projects/sevabazar-5d3f6/messages/0:1772444616602867%9c8a17ac9c8a17ac

[2026-03-02T09:45:08.913Z] Attempting FCM to: cGKAFgYHTY... Type: order_status_update (Critical: false)
[2026-03-02T09:45:09.185Z] FCM Success: projects/sevabazar-5d3f6/messages/0:1772444708814335%b37b294ab37b294a

[2026-03-02T09:45:44.377Z] Attempting FCM to: eltKm-_1SE... Type: new_order (Critical: true)
[2026-03-02T09:45:44.621Z] FCM Success: projects/sevabazar-5d3f6/messages/0:1772444744249719%9c8a17ac9c8a17ac

[2026-03-02T09:46:00.144Z] Attempting FCM to: cGKAFgYHTY... Type: order_cancelled (Critical: false)
[2026-03-02T09:46:00.468Z] FCM Success: projects/sevabazar-5d3f6/messages/0:1772444760078867%b37b294ab37b294a

[2026-03-02T09:51:28.528Z] Order 724526: Checking token for vendor 697482171fb0c0d7c5f88bd4: FOUND

[2026-03-02T09:51:28.529Z] Attempting FCM to: eltKm-_1SE... Type: new_order (Critical: true)
[2026-03-02T09:51:28.774Z] FCM Success: projects/sevabazar-5d3f6/messages/0:1772445088409129%9c8a17ac9c8a17ac

[2026-03-02T09:51:35.880Z] Attempting FCM to: cGKAFgYHTY... Type: order_cancelled (Critical: false)
[2026-03-02T09:51:36.253Z] FCM Success: projects/sevabazar-5d3f6/messages/0:1772445095879507%b37b294ab37b294a

[2026-03-02T09:52:26.345Z] Attempting FCM to: eltKm-_1SE... Type: new_order (Critical: true)
[2026-03-02T09:52:26.591Z] FCM Success: projects/sevabazar-5d3f6/messages/0:1772445146226794%9c8a17ac9c8a17ac

[2026-03-02T09:52:35.458Z] Attempting FCM to: cGKAFgYHTY... Type: order_cancelled (Critical: false)
[2026-03-02T09:52:35.803Z] FCM Success: projects/sevabazar-5d3f6/messages/0:1772445155447141%b37b294ab37b294a

[2026-03-02T09:53:13.678Z] Order 644073: Checking token for vendor 697482171fb0c0d7c5f88bd4: FOUND

[2026-03-02T09:53:13.680Z] Attempting FCM to: eltKm-_1SE... Type: new_order (Critical: true)
[2026-03-02T09:53:14.055Z] FCM Success: projects/sevabazar-5d3f6/messages/0:1772445193585780%9c8a17ac9c8a17ac

[2026-03-02T09:53:17.292Z] Attempting FCM to: cGKAFgYHTY... Type: order_status_update (Critical: false)
[2026-03-02T09:53:17.506Z] FCM Success: projects/sevabazar-5d3f6/messages/0:1772445197074310%b37b294ab37b294a

[2026-03-02T09:54:25.640Z] Order 974095: Checking token for vendor 697482171fb0c0d7c5f88bd4: FOUND

[2026-03-02T09:54:25.641Z] Attempting FCM to: eltKm-_1SE... Type: new_order (Critical: true)
[2026-03-02T09:54:25.905Z] FCM Success: projects/sevabazar-5d3f6/messages/0:1772445265522323%9c8a17ac9c8a17ac

[2026-03-02T09:54:34.440Z] Attempting FCM to: cGKAFgYHTY... Type: order_cancelled (Critical: false)
[2026-03-02T09:54:34.798Z] FCM Success: projects/sevabazar-5d3f6/messages/0:1772445274410019%b37b294ab37b294a

[2026-03-02T10:03:28.114Z] Initializing Firebase Admin via path: C:\Users\raja\Desktop\sevabazar\sevaBazar_Backend\firebaseConfig.json
[2026-03-02T10:03:28.216Z] Firebase Admin Initialized Successfully.

[2026-03-02T10:03:35.870Z] Initializing Firebase Admin via path: C:\Users\raja\Desktop\sevabazar\sevaBazar_Backend\firebaseConfig.json
[2026-03-02T10:03:35.946Z] Firebase Admin Initialized Successfully.

[2026-03-02T10:06:50.488Z] Order 216945: Checking token for vendor 697482171fb0c0d7c5f88bd4: FOUND

[2026-03-02T10:06:50.491Z] Attempting FCM to: eltKm-_1SE... Type: new_order (Critical: true)
[2026-03-02T10:06:51.022Z] FCM Success: projects/sevabazar-5d3f6/messages/0:1772446010661708%9c8a17ac9c8a17ac

[2026-03-02T10:06:55.043Z] Attempting FCM to: cGKAFgYHTY... Type: order_status_update (Critical: false)
[2026-03-02T10:06:55.173Z] FCM Success: projects/sevabazar-5d3f6/messages/0:1772446014831512%b37b294ab37b294a

[2026-03-02T10:07:26.012Z] Order 288995: Checking token for vendor 697482171fb0c0d7c5f88bd4: FOUND

[2026-03-02T10:07:26.013Z] Attempting FCM to: eltKm-_1SE... Type: new_order (Critical: true)
[2026-03-02T10:07:26.397Z] FCM Success: projects/sevabazar-5d3f6/messages/0:1772446045911941%9c8a17ac9c8a17ac

[2026-03-02T10:07:34.147Z] Attempting FCM to: cGKAFgYHTY... Type: order_cancelled (Critical: false)
[2026-03-02T10:07:34.490Z] FCM Success: projects/sevabazar-5d3f6/messages/0:1772446054055580%b37b294ab37b294a

[2026-03-02T10:10:00.025Z] Initializing Firebase Admin via path: C:\Users\raja\Desktop\sevabazar\sevaBazar_Backend\firebaseConfig.json
[2026-03-02T10:10:00.099Z] Firebase Admin Initialized Successfully.

[2026-03-02T10:10:44.405Z] Initializing Firebase Admin via path: C:\Users\raja\Desktop\sevabazar\sevaBazar_Backend\firebaseConfig.json
[2026-03-02T10:10:44.482Z] Firebase Admin Initialized Successfully.

[2026-03-02T10:11:42.968Z] Order 968755: Checking token for vendor 697482171fb0c0d7c5f88bd4: FOUND

[2026-03-02T10:11:42.970Z] Attempting FCM to: eltKm-_1SE... Type: new_order (Critical: true)
[2026-03-02T10:11:43.584Z] FCM Success: projects/sevabazar-5d3f6/messages/0:1772446303248556%9c8a17ac9c8a17ac

[2026-03-02T10:11:52.359Z] Attempting FCM to: cGKAFgYHTY... Type: order_cancelled (Critical: false)
[2026-03-02T10:11:52.591Z] FCM Success: projects/sevabazar-5d3f6/messages/0:1772446312253544%b37b294ab37b294a

[2026-03-02T10:13:00.031Z] Initializing Firebase Admin via path: C:\Users\raja\Desktop\sevabazar\sevaBazar_Backend\firebaseConfig.json
[2026-03-02T10:13:00.124Z] Firebase Admin Initialized Successfully.

[2026-03-02T10:13:28.111Z] Order 603306: Checking token for vendor 697482171fb0c0d7c5f88bd4: FOUND

[2026-03-02T10:13:28.112Z] Attempting FCM to: eltKm-_1SE... Type: new_order (Critical: true)
[2026-03-02T10:13:28.681Z] FCM Success: projects/sevabazar-5d3f6/messages/0:1772446408354690%9c8a17ac9c8a17ac

[2026-03-02T10:13:40.508Z] Attempting FCM to: cGKAFgYHTY... Type: order_cancelled (Critical: false)
[2026-03-02T10:13:40.761Z] FCM Success: projects/sevabazar-5d3f6/messages/0:1772446420426534%b37b294ab37b294a

[2026-03-02T10:15:07.573Z] Order 886068: Checking token for vendor 697482171fb0c0d7c5f88bd4: FOUND

[2026-03-02T10:15:07.575Z] Attempting FCM to: eltKm-_1SE... Type: new_order (Critical: true)
[2026-03-02T10:15:07.935Z] FCM Success: projects/sevabazar-5d3f6/messages/0:1772446507578360%9c8a17ac9c8a17ac

[2026-03-02T10:15:13.440Z] Attempting FCM to: cGKAFgYHTY... Type: order_cancelled (Critical: false)
[2026-03-02T10:15:13.849Z] FCM Success: projects/sevabazar-5d3f6/messages/0:1772446513482501%b37b294ab37b294a

[2026-03-02T10:18:25.254Z] Initializing Firebase Admin via path: C:\Users\raja\Desktop\sevabazar\sevaBazar_Backend\firebaseConfig.json
[2026-03-02T10:18:25.352Z] Firebase Admin Initialized Successfully.

[2026-03-02T10:18:34.437Z] Initializing Firebase Admin via path: C:\Users\raja\Desktop\sevabazar\sevaBazar_Backend\firebaseConfig.json
[2026-03-02T10:18:34.513Z] Firebase Admin Initialized Successfully.

[2026-03-02T10:20:10.773Z] Attempting FCM to: eltKm-_1SE... Type: new_order (Critical: true)
[2026-03-02T10:20:11.466Z] FCM Success: projects/sevabazar-5d3f6/messages/0:1772446811140978%9c8a17ac9c8a17ac

[2026-03-02T10:20:19.274Z] Attempting FCM to: cGKAFgYHTY... Type: order_cancelled (Critical: false)
[2026-03-02T10:20:19.661Z] FCM Success: projects/sevabazar-5d3f6/messages/0:1772446819323282%b37b294ab37b294a

[2026-03-02T10:22:51.877Z] Initializing Firebase Admin via path: C:\Users\raja\Desktop\sevabazar\sevaBazar_Backend\firebaseConfig.json
[2026-03-02T10:22:51.959Z] Firebase Admin Initialized Successfully.

[2026-03-02T10:23:19.647Z] Initializing Firebase Admin via path: C:\Users\raja\Desktop\sevabazar\sevaBazar_Backend\firebaseConfig.json
[2026-03-02T10:23:19.703Z] Firebase Admin Initialized Successfully.

[2026-03-02T10:23:20.965Z] Initializing Firebase Admin via path: C:\Users\raja\Desktop\sevabazar\sevaBazar_Backend\firebaseConfig.json
[2026-03-02T10:23:21.009Z] Firebase Admin Initialized Successfully.

[2026-03-02T10:23:34.909Z] Order 480421: Checking token for vendor 697482171fb0c0d7c5f88bd4: FOUND

[2026-03-02T10:23:34.910Z] Attempting FCM to: eltKm-_1SE... Type: new_order (Critical: true)
[2026-03-02T10:23:35.557Z] FCM Success: projects/sevabazar-5d3f6/messages/0:1772447015230831%9c8a17ac9c8a17ac

[2026-03-02T10:23:44.935Z] Attempting FCM to: cGKAFgYHTY... Type: order_cancelled (Critical: false)
[2026-03-02T10:23:45.235Z] FCM Success: projects/sevabazar-5d3f6/messages/0:1772447024889316%b37b294ab37b294a

[2026-03-02T10:27:28.285Z] Initializing Firebase Admin via path: C:\Users\raja\Desktop\sevabazar\sevaBazar_Backend\firebaseConfig.json
[2026-03-02T10:27:28.392Z] Firebase Admin Initialized Successfully.

[2026-03-02T10:27:36.915Z] Initializing Firebase Admin via path: C:\Users\raja\Desktop\sevabazar\sevaBazar_Backend\firebaseConfig.json
[2026-03-02T10:27:36.972Z] Firebase Admin Initialized Successfully.

[2026-03-02T10:29:46.581Z] Order 815093: Checking token for vendor 697482171fb0c0d7c5f88bd4: FOUND

[2026-03-02T10:29:46.583Z] Attempting FCM to: eltKm-_1SE... Type: new_order (Critical: true)
[2026-03-02T10:29:47.246Z] FCM Success: projects/sevabazar-5d3f6/messages/0:1772447386910752%9c8a17ac9c8a17ac

[2026-03-02T10:29:55.245Z] Attempting FCM to: cGKAFgYHTY... Type: order_status_update (Critical: false)
[2026-03-02T10:29:55.585Z] FCM Success: projects/sevabazar-5d3f6/messages/0:1772447395164299%b37b294ab37b294a

[2026-03-02T10:29:55.586Z] Attempting FCM to: cGKAFgYHTY... Type: order_cancelled (Critical: false)
[2026-03-02T10:29:55.705Z] FCM Success: projects/sevabazar-5d3f6/messages/0:1772447395394612%b37b294ab37b294a

[2026-03-02T10:30:41.035Z] Initializing Firebase Admin via path: C:\Users\raja\Desktop\sevabazar\sevaBazar_Backend\firebaseConfig.json
[2026-03-02T10:30:41.136Z] Firebase Admin Initialized Successfully.

[2026-03-02T10:32:32.247Z] Initializing Firebase Admin via path: C:\Users\raja\Desktop\sevabazar\sevaBazar_Backend\firebaseConfig.json
[2026-03-02T10:32:32.316Z] Firebase Admin Initialized Successfully.

[2026-03-02T10:32:56.951Z] Order 695825: Checking token for vendor 697482171fb0c0d7c5f88bd4: FOUND

[2026-03-02T10:32:56.953Z] Attempting FCM to: eltKm-_1SE... Type: new_order (Critical: true)
[2026-03-02T10:32:57.645Z] FCM Success: projects/sevabazar-5d3f6/messages/0:1772447577257170%9c8a17ac9c8a17ac

[2026-03-02T10:33:07.730Z] Attempting FCM to: cGKAFgYHTY... Type: order_cancelled (Critical: false)
[2026-03-02T10:33:07.996Z] FCM Success: projects/sevabazar-5d3f6/messages/0:1772447587672479%b37b294ab37b294a

[2026-03-02T10:35:51.228Z] Initializing Firebase Admin via path: C:\Users\raja\Desktop\sevabazar\sevaBazar_Backend\firebaseConfig.json
[2026-03-02T10:35:51.292Z] Firebase Admin Initialized Successfully.

[2026-03-02T10:35:53.684Z] Initializing Firebase Admin via path: C:\Users\raja\Desktop\sevabazar\sevaBazar_Backend\firebaseConfig.json
[2026-03-02T10:35:53.729Z] Firebase Admin Initialized Successfully.

[2026-03-02T10:36:09.034Z] Order 224553: Checking token for vendor 697482171fb0c0d7c5f88bd4: FOUND

[2026-03-02T10:36:09.036Z] Attempting FCM to: eltKm-_1SE... Type: new_order (Critical: true)
[2026-03-02T10:36:09.805Z] FCM Success: projects/sevabazar-5d3f6/messages/0:1772447769474620%9c8a17ac9c8a17ac

[2026-03-02T10:36:20.540Z] Attempting FCM to: cGKAFgYHTY... Type: order_cancelled (Critical: false)
[2026-03-02T10:36:20.897Z] FCM Success: projects/sevabazar-5d3f6/messages/0:1772447780567445%b37b294ab37b294a

[2026-03-02T10:37:00.067Z] Attempting FCM to: eltKm-_1SE... Type: new_order (Critical: true)
[2026-03-02T10:37:00.308Z] FCM Success: projects/sevabazar-5d3f6/messages/0:1772447819984906%9c8a17ac9c8a17ac

[2026-03-02T10:37:08.377Z] Attempting FCM to: cGKAFgYHTY... Type: order_cancelled (Critical: false)
[2026-03-02T10:37:08.744Z] FCM Success: projects/sevabazar-5d3f6/messages/0:1772447828419772%b37b294ab37b294a

[2026-03-02T10:39:25.734Z] Initializing Firebase Admin via path: C:\Users\raja\Desktop\sevabazar\sevaBazar_Backend\firebaseConfig.json
[2026-03-02T10:39:25.807Z] Firebase Admin Initialized Successfully.

[2026-03-02T10:40:08.396Z] Initializing Firebase Admin via path: C:\Users\raja\Desktop\sevabazar\sevaBazar_Backend\firebaseConfig.json
[2026-03-02T10:40:08.442Z] Firebase Admin Initialized Successfully.

[2026-03-02T10:40:17.981Z] Attempting FCM to: eltKm-_1SE... Type: new_order (Critical: true)
[2026-03-02T10:40:18.653Z] FCM Success: projects/sevabazar-5d3f6/messages/0:1772448018346241%9c8a17ac9c8a17ac

[2026-03-02T10:40:27.383Z] Attempting FCM to: cGKAFgYHTY... Type: order_cancelled (Critical: false)
[2026-03-02T10:40:27.707Z] FCM Success: projects/sevabazar-5d3f6/messages/0:1772448027402073%b37b294ab37b294a

[2026-03-02T11:08:09.496Z] Initializing Firebase Admin via path: C:\Users\raja\Desktop\sevabazar\sevaBazar_Backend\firebaseConfig.json
[2026-03-02T11:08:09.581Z] Firebase Admin Initialized Successfully.

[2026-03-02T11:09:10.346Z] Initializing Firebase Admin via path: C:\Users\raja\Desktop\sevabazar\sevaBazar_Backend\firebaseConfig.json
[2026-03-02T11:09:10.425Z] Firebase Admin Initialized Successfully.

[2026-03-02T11:10:43.636Z] Initializing Firebase Admin via path: C:\Users\raja\Desktop\sevabazar\sevaBazar_Backend\firebaseConfig.json
[2026-03-02T11:10:43.712Z] Firebase Admin Initialized Successfully.

[2026-03-02T11:13:20.658Z] Initializing Firebase Admin via path: C:\Users\raja\Desktop\sevabazar\sevaBazar_Backend\firebaseConfig.json
[2026-03-02T11:13:20.838Z] Firebase Admin Initialized Successfully.

[2026-03-02T11:22:31.211Z] Initializing Firebase Admin via path: C:\Users\raja\Desktop\sevabazar\sevaBazar_Backend\firebaseConfig.json
[2026-03-02T11:22:31.379Z] Firebase Admin Initialized Successfully.

[2026-03-02T11:27:13.386Z] Attempting FCM to: eltKm-_1SE... Type: new_order (Critical: true)
[2026-03-02T11:27:14.115Z] FCM Success: projects/sevabazar-5d3f6/messages/0:1772450833849751%9c8a17ac9c8a17ac

[2026-03-02T11:27:33.236Z] Attempting FCM to: cGKAFgYHTY... Type: order_cancelled (Critical: false)
[2026-03-02T11:27:33.576Z] FCM Success: projects/sevabazar-5d3f6/messages/0:1772450853305216%b37b294ab37b294a

[2026-03-02T11:30:44.887Z] Attempting FCM to: eltKm-_1SE... Type: order_cancelled (Critical: false)
[2026-03-02T11:30:45.235Z] FCM Success: projects/sevabazar-5d3f6/messages/0:1772451044982471%9c8a17ac9c8a17ac

[2026-03-02T11:45:54.628Z] Initializing Firebase Admin via path: C:\Users\raja\Desktop\sevabazar\sevaBazar_Backend\firebaseConfig.json
[2026-03-02T11:45:54.744Z] Firebase Admin Initialized Successfully.

[2026-03-02T11:53:38.776Z] Initializing Firebase Admin via path: C:\Users\raja\Desktop\sevabazar\sevaBazar_Backend\firebaseConfig.json
[2026-03-02T11:53:38.999Z] Firebase Admin Initialized Successfully.

[2026-03-02T11:54:31.713Z] Initializing Firebase Admin via path: C:\Users\raja\Desktop\sevabazar\sevaBazar_Backend\firebaseConfig.json
[2026-03-02T11:54:31.877Z] Firebase Admin Initialized Successfully.

[2026-03-02T11:55:23.997Z] Initializing Firebase Admin via path: C:\Users\raja\Desktop\sevabazar\sevaBazar_Backend\firebaseConfig.json
[2026-03-02T11:55:24.185Z] Firebase Admin Initialized Successfully.

[2026-03-02T12:12:09.898Z] Order 524394: Checking token for vendor 697482171fb0c0d7c5f88bd4: FOUND

[2026-03-02T12:12:09.903Z] Attempting FCM to: eltKm-_1SE... Type: new_order (Critical: true)
[2026-03-02T12:12:11.001Z] FCM Success: projects/sevabazar-5d3f6/messages/0:1772453530557298%9c8a17ac9c8a17ac

[2026-03-02T12:12:17.804Z] Attempting FCM to: cGKAFgYHTY... Type: order_status_update (Critical: false)
[2026-03-02T12:12:18.067Z] FCM Success: projects/sevabazar-5d3f6/messages/0:1772453537842437%b37b294ab37b294a

[2026-03-02T12:19:36.072Z] Initializing Firebase Admin via path: C:\Users\raja\Desktop\sevabazar\sevaBazar_Backend\firebaseConfig.json
[2026-03-02T12:19:36.340Z] Firebase Admin Initialized Successfully.

[2026-03-02T12:56:22.434Z] Initializing Firebase Admin via path: C:\Users\raja\Desktop\sevabazar\sevaBazar_Backend\firebaseConfig.json
[2026-03-02T12:56:22.518Z] Firebase Admin Initialized Successfully.

[2026-03-02T13:10:06.603Z] Order 871373: Checking token for vendor 697482171fb0c0d7c5f88bd4: FOUND

[2026-03-02T13:10:06.606Z] Attempting FCM to: eltKm-_1SE... Type: new_order (Critical: true)
[2026-03-02T13:10:07.243Z] FCM Success: projects/sevabazar-5d3f6/messages/0:1772457007081956%9c8a17ac9c8a17ac

[2026-03-02T13:10:13.587Z] Attempting FCM to: egUhotNRQ9... Type: order_cancelled (Critical: false)
[2026-03-02T13:10:13.964Z] FCM Success: projects/sevabazar-5d3f6/messages/0:1772457013781434%b37b294ab37b294a

[2026-03-02T13:10:44.281Z] Attempting FCM to: eltKm-_1SE... Type: new_order (Critical: true)
[2026-03-02T13:10:44.505Z] FCM Success: projects/sevabazar-5d3f6/messages/0:1772457044353975%9c8a17ac9c8a17ac

[2026-03-02T13:10:49.449Z] Attempting FCM to: egUhotNRQ9... Type: order_cancelled (Critical: false)
[2026-03-02T13:10:49.570Z] FCM Success: projects/sevabazar-5d3f6/messages/0:1772457049416635%b37b294ab37b294a

[2026-03-02T13:11:04.600Z] Attempting FCM to: egUhotNRQ9... Type: order_cancelled (Critical: false)
[2026-03-02T13:11:04.924Z] FCM Success: projects/sevabazar-5d3f6/messages/0:1772457064771854%b37b294ab37b294a

[2026-03-02T13:14:52.984Z] Initializing Firebase Admin via path: C:\Users\raja\Desktop\sevabazar\sevaBazar_Backend\firebaseConfig.json
[2026-03-02T13:14:53.124Z] Firebase Admin Initialized Successfully.

[2026-03-02T13:15:43.824Z] Initializing Firebase Admin via path: C:\Users\raja\Desktop\sevabazar\sevaBazar_Backend\firebaseConfig.json
[2026-03-02T13:15:43.896Z] Firebase Admin Initialized Successfully.

[2026-03-02T13:16:02.907Z] Initializing Firebase Admin via path: C:\Users\raja\Desktop\sevabazar\sevaBazar_Backend\firebaseConfig.json
[2026-03-02T13:16:02.950Z] Firebase Admin Initialized Successfully.

[2026-03-02T13:19:02.024Z] Order 522449: Checking token for vendor 697482171fb0c0d7c5f88bd4: FOUND

[2026-03-02T13:19:02.025Z] Attempting FCM to: eltKm-_1SE... Type: new_order (Critical: true)
[2026-03-02T13:19:02.742Z] FCM Success: projects/sevabazar-5d3f6/messages/0:1772457542473350%9c8a17ac9c8a17ac

[2026-03-02T13:19:10.177Z] Attempting FCM to: egUhotNRQ9... Type: order_cancelled (Critical: false)
[2026-03-02T13:19:10.414Z] FCM Success: projects/sevabazar-5d3f6/messages/0:1772457550254523%b37b294ab37b294a

[2026-03-02T13:25:44.856Z] Initializing Firebase Admin via path: C:\Users\raja\Desktop\sevabazar\sevaBazar_Backend\firebaseConfig.json
[2026-03-02T13:25:44.940Z] Firebase Admin Initialized Successfully.

[2026-03-02T13:26:02.267Z] Initializing Firebase Admin via path: C:\Users\raja\Desktop\sevabazar\sevaBazar_Backend\firebaseConfig.json
[2026-03-02T13:26:02.317Z] Firebase Admin Initialized Successfully.

[2026-03-02T13:28:42.525Z] Order 623915: Checking token for vendor 697482171fb0c0d7c5f88bd4: FOUND

[2026-03-02T13:28:42.527Z] Attempting FCM to: eltKm-_1SE... Type: new_order (Critical: true)
[2026-03-02T13:28:43.176Z] FCM Success: projects/sevabazar-5d3f6/messages/0:1772458122990738%9c8a17ac9c8a17ac

[2026-03-02T13:28:50.332Z] Attempting FCM to: cGKAFgYHTY... Type: order_cancelled (Critical: false)
[2026-03-02T13:28:50.585Z] FCM Success: projects/sevabazar-5d3f6/messages/0:1772458130442414%b37b294ab37b294a

[2026-03-02T13:30:05.296Z] Order 194539: Checking token for vendor 697482171fb0c0d7c5f88bd4: FOUND

[2026-03-02T13:30:05.297Z] Attempting FCM to: eltKm-_1SE... Type: new_order (Critical: true)
[2026-03-02T13:30:05.532Z] FCM Success: projects/sevabazar-5d3f6/messages/0:1772458205391033%9c8a17ac9c8a17ac

[2026-03-02T13:30:09.173Z] Attempting FCM to: cGKAFgYHTY... Type: order_status_update (Critical: false)
[2026-03-02T13:30:09.313Z] FCM Success: projects/sevabazar-5d3f6/messages/0:1772458209170761%b37b294ab37b294a

[2026-03-02T13:31:08.209Z] Attempting FCM to: eltKm-_1SE... Type: new_order (Critical: true)
[2026-03-02T13:31:08.548Z] FCM Success: projects/sevabazar-5d3f6/messages/0:1772458268407963%9c8a17ac9c8a17ac

[2026-03-02T13:31:19.540Z] Attempting FCM to: cGKAFgYHTY... Type: order_cancelled (Critical: false)
[2026-03-02T13:31:19.859Z] FCM Success: projects/sevabazar-5d3f6/messages/0:1772458279651830%b37b294ab37b294a

[2026-03-02T13:32:01.469Z] Attempting FCM to: eltKm-_1SE... Type: new_order (Critical: true)
[2026-03-02T13:32:01.838Z] FCM Success: projects/sevabazar-5d3f6/messages/0:1772458321680241%9c8a17ac9c8a17ac

[2026-03-02T13:32:10.587Z] Attempting FCM to: cGKAFgYHTY... Type: order_cancelled (Critical: false)
[2026-03-02T13:32:11.050Z] FCM Success: projects/sevabazar-5d3f6/messages/0:1772458330733394%b37b294ab37b294a

[2026-03-02T13:33:36.743Z] Attempting FCM to: eltKm-_1SE... Type: new_order (Critical: true)
[2026-03-02T13:33:37.158Z] FCM Success: projects/sevabazar-5d3f6/messages/0:1772458416880871%9c8a17ac9c8a17ac

[2026-03-02T13:34:14.739Z] Attempting FCM to: cGKAFgYHTY... Type: order_status_update (Critical: false)
[2026-03-02T13:34:15.050Z] FCM Success: projects/sevabazar-5d3f6/messages/0:1772458454888700%b37b294ab37b294a

[2026-03-02T13:34:47.223Z] Attempting FCM to: cGKAFgYHTY... Type: order_status_update (Critical: false)
[2026-03-02T13:34:47.524Z] FCM Success: projects/sevabazar-5d3f6/messages/0:1772458487372045%b37b294ab37b294a

[2026-03-02T13:37:34.498Z] Attempting FCM to: eltKm-_1SE... Type: new_order (Critical: true)
[2026-03-02T13:37:34.772Z] FCM Success: projects/sevabazar-5d3f6/messages/0:1772458654646041%9c8a17ac9c8a17ac

[2026-03-02T13:38:01.938Z] Attempting FCM to: cGKAFgYHTY... Type: order_status_update (Critical: false)
[2026-03-02T13:38:02.193Z] FCM Success: projects/sevabazar-5d3f6/messages/0:1772458682050409%b37b294ab37b294a

[2026-03-02T13:56:01.035Z] Initializing Firebase Admin via path: C:\Users\raja\Desktop\sevabazar\sevaBazar_Backend\firebaseConfig.json
[2026-03-02T13:56:01.123Z] Firebase Admin Initialized Successfully.

[2026-03-02T13:57:44.527Z] Attempting FCM to: eltKm-_1SE... Type: order_cancelled (Critical: false)
[2026-03-02T13:57:45.084Z] FCM Success: projects/sevabazar-5d3f6/messages/0:1772459864983096%9c8a17ac9c8a17ac

[2026-03-02T13:57:59.379Z] Attempting FCM to: eltKm-_1SE... Type: new_order (Critical: true)
[2026-03-02T13:57:59.769Z] FCM Success: projects/sevabazar-5d3f6/messages/0:1772459879546691%9c8a17ac9c8a17ac

[2026-03-02T13:58:30.632Z] Attempting FCM to: cGKAFgYHTY... Type: order_status_update (Critical: false)
[2026-03-02T13:58:30.876Z] FCM Success: projects/sevabazar-5d3f6/messages/0:1772459910776935%b37b294ab37b294a

[2026-03-02T13:59:05.356Z] Attempting FCM to: cGKAFgYHTY... Type: order_status_update (Critical: false)
[2026-03-02T13:59:05.647Z] FCM Success: projects/sevabazar-5d3f6/messages/0:1772459945500223%b37b294ab37b294a

[2026-03-02T15:26:49.332Z] Initializing Firebase Admin via path: C:\Users\raja\Desktop\sevabazar\sevaBazar_Backend\firebaseConfig.json
[2026-03-02T15:26:49.435Z] Firebase Admin Initialized Successfully.

[2026-03-02T15:48:56.136Z] Attempting FCM to: cGKAFgYHTY... Type: order_status_update (Critical: false)
[2026-03-02T15:48:56.749Z] FCM Success: projects/sevabazar-5d3f6/messages/0:1772466536765278%b37b294ab37b294a
